SITE,PLOT,BIOMASS,TREATMENT,PACKET,TYPE,SPECIES,ID,FINAL.STATUS
WP,1,M,S,BA,PY,MASY,1,1
WP,1,M,S,BA,PY,MASY,2,1
WP,1,M,S,BA,PY,MASY,3,1
WP,1,M,S,BA,PY,MASY,4,0
WP,1,M,S,BA,PY,MASY,5,0
WP,1,M,S,BA,PY,MASY,6,0
WP,1,M,S,BA,PY,MASY,7,0
WP,1,M,S,BA,PY,MASY,8,0
WP,1,M,S,BA,PY,MASY,9,0
WP,1,M,S,BA,PY,MASY,10,0
WP,1,M,S,BA,PD,TRAE,1,0
WP,1,M,S,BA,PD,TRAE,2,0
WP,1,M,S,BA,PD,TRAE,3,0
WP,1,M,S,BA,PD,TRAE,4,0
WP,1,M,S,BA,PD,TRAE,5,0
WP,1,M,S,BA,PD,TRAE,6,0
WP,1,M,S,BA,PD,TRAE,7,0
WP,1,M,S,BA,PD,TRAE,8,0
WP,1,M,S,BA,PD,TRAE,9,0
WP,1,M,S,BA,PD,TRAE,10,0
WP,1,M,S,BA,ND,SIALD,1,1
WP,1,M,S,BA,ND,SIALD,2,1
WP,1,M,S,BA,ND,SIALD,3,1
WP,1,M,S,BA,ND,SIALD,4,1
WP,1,M,S,BA,ND,SIALD,5,0
WP,1,M,S,BA,ND,SIALD,6,0
WP,1,M,S,BA,ND,SIALD,7,0
WP,1,M,S,BA,ND,SIALD,8,0
WP,1,M,S,BA,ND,SIALD,9,0
WP,1,M,S,BA,ND,SIALD,10,0
WP,1,M,S,BU,PY,MASY,1,0
WP,1,M,S,BU,PY,MASY,2,0
WP,1,M,S,BU,PY,MASY,3,0
WP,1,M,S,BU,PY,MASY,4,0
WP,1,M,S,BU,PY,MASY,5,0
WP,1,M,S,BU,PY,MASY,6,0
WP,1,M,S,BU,PY,MASY,7,0
WP,1,M,S,BU,PY,MASY,8,0
WP,1,M,S,BU,PY,MASY,9,0
WP,1,M,S,BU,PY,MASY,10,0
WP,1,M,S,BU,PD,TRAE,1,0
WP,1,M,S,BU,PD,TRAE,2,0
WP,1,M,S,BU,PD,TRAE,3,0
WP,1,M,S,BU,PD,TRAE,4,0
WP,1,M,S,BU,PD,TRAE,5,0
WP,1,M,S,BU,PD,TRAE,6,0
WP,1,M,S,BU,PD,TRAE,7,0
WP,1,M,S,BU,PD,TRAE,8,0
WP,1,M,S,BU,PD,TRAE,9,0
WP,1,M,S,BU,PD,TRAE,10,0
WP,1,M,S,BU,ND,SIALD,1,1
WP,1,M,S,BU,ND,SIALD,2,0
WP,1,M,S,BU,ND,SIALD,3,0
WP,1,M,S,BU,ND,SIALD,4,0
WP,1,M,S,BU,ND,SIALD,5,0
WP,1,M,S,BU,ND,SIALD,6,0
WP,1,M,S,BU,ND,SIALD,7,0
WP,1,M,S,BU,ND,SIALD,8,0
WP,1,M,S,BU,ND,SIALD,9,0
WP,1,M,S,BU,ND,SIALD,10,0
WP,1,M,S,AA,PY,MASY,1,NA
WP,1,M,S,AA,PY,MASY,2,NA
WP,1,M,S,AA,PY,MASY,3,NA
WP,1,M,S,AA,PY,MASY,4,NA
WP,1,M,S,AA,PY,MASY,5,NA
WP,1,M,S,AA,PY,MASY,6,NA
WP,1,M,S,AA,PY,MASY,7,NA
WP,1,M,S,AA,PY,MASY,8,NA
WP,1,M,S,AA,PY,MASY,9,NA
WP,1,M,S,AA,PY,MASY,10,NA
WP,1,M,S,AA,PD,TRAE,1,0
WP,1,M,S,AA,PD,TRAE,2,0
WP,1,M,S,AA,PD,TRAE,3,0
WP,1,M,S,AA,PD,TRAE,4,0
WP,1,M,S,AA,PD,TRAE,5,0
WP,1,M,S,AA,PD,TRAE,6,0
WP,1,M,S,AA,PD,TRAE,7,0
WP,1,M,S,AA,PD,TRAE,8,0
WP,1,M,S,AA,PD,TRAE,9,0
WP,1,M,S,AA,PD,TRAE,10,0
WP,1,M,S,AA,ND,SIALD,1,1
WP,1,M,S,AA,ND,SIALD,2,1
WP,1,M,S,AA,ND,SIALD,3,1
WP,1,M,S,AA,ND,SIALD,4,1
WP,1,M,S,AA,ND,SIALD,5,1
WP,1,M,S,AA,ND,SIALD,6,1
WP,1,M,S,AA,ND,SIALD,7,1
WP,1,M,S,AA,ND,SIALD,8,1
WP,1,M,S,AA,ND,SIALD,9,1
WP,1,M,S,AA,ND,SIALD,10,0
WP,1,M,S,AT,PY,MASY,1,0
WP,1,M,S,AT,PY,MASY,2,0
WP,1,M,S,AT,PY,MASY,3,0
WP,1,M,S,AT,PY,MASY,4,0
WP,1,M,S,AT,PY,MASY,5,0
WP,1,M,S,AT,PY,MASY,6,0
WP,1,M,S,AT,PY,MASY,7,0
WP,1,M,S,AT,PY,MASY,8,0
WP,1,M,S,AT,PY,MASY,9,0
WP,1,M,S,AT,PY,MASY,10,0
WP,1,M,S,AT,PD,TRAE,1,0
WP,1,M,S,AT,PD,TRAE,2,0
WP,1,M,S,AT,PD,TRAE,3,0
WP,1,M,S,AT,PD,TRAE,4,0
WP,1,M,S,AT,PD,TRAE,5,0
WP,1,M,S,AT,PD,TRAE,6,0
WP,1,M,S,AT,PD,TRAE,7,0
WP,1,M,S,AT,PD,TRAE,8,0
WP,1,M,S,AT,PD,TRAE,9,0
WP,1,M,S,AT,PD,TRAE,10,0
WP,1,M,S,AT,ND,SIALD,1,0
WP,1,M,S,AT,ND,SIALD,2,0
WP,1,M,S,AT,ND,SIALD,3,0
WP,1,M,S,AT,ND,SIALD,4,0
WP,1,M,S,AT,ND,SIALD,5,0
WP,1,M,S,AT,ND,SIALD,6,0
WP,1,M,S,AT,ND,SIALD,7,0
WP,1,M,S,AT,ND,SIALD,8,0
WP,1,M,S,AT,ND,SIALD,9,0
WP,1,M,S,AT,ND,SIALD,10,0
WP,2,C,H,BU,PY,MASY,1,0
WP,2,C,H,BU,PY,MASY,2,0
WP,2,C,H,BU,PY,MASY,3,0
WP,2,C,H,BU,PY,MASY,4,0
WP,2,C,H,BU,PY,MASY,5,0
WP,2,C,H,BU,PY,MASY,6,0
WP,2,C,H,BU,PY,MASY,7,0
WP,2,C,H,BU,PY,MASY,8,0
WP,2,C,H,BU,PY,MASY,9,0
WP,2,C,H,BU,PY,MASY,10,0
WP,2,C,H,BU,PD,TRAE,1,0
WP,2,C,H,BU,PD,TRAE,2,0
WP,2,C,H,BU,PD,TRAE,3,0
WP,2,C,H,BU,PD,TRAE,4,0
WP,2,C,H,BU,PD,TRAE,5,0
WP,2,C,H,BU,PD,TRAE,6,0
WP,2,C,H,BU,PD,TRAE,7,0
WP,2,C,H,BU,PD,TRAE,8,0
WP,2,C,H,BU,PD,TRAE,9,0
WP,2,C,H,BU,PD,TRAE,10,0
WP,2,C,H,BU,ND,SIALD,1,0
WP,2,C,H,BU,ND,SIALD,2,0
WP,2,C,H,BU,ND,SIALD,3,0
WP,2,C,H,BU,ND,SIALD,4,0
WP,2,C,H,BU,ND,SIALD,5,0
WP,2,C,H,BU,ND,SIALD,6,0
WP,2,C,H,BU,ND,SIALD,7,0
WP,2,C,H,BU,ND,SIALD,8,0
WP,2,C,H,BU,ND,SIALD,9,0
WP,2,C,H,BU,ND,SIALD,10,0
WP,2,C,H,BA,PY,MASY,1,1
WP,2,C,H,BA,PY,MASY,2,1
WP,2,C,H,BA,PY,MASY,3,0
WP,2,C,H,BA,PY,MASY,4,0
WP,2,C,H,BA,PY,MASY,5,0
WP,2,C,H,BA,PY,MASY,6,0
WP,2,C,H,BA,PY,MASY,7,0
WP,2,C,H,BA,PY,MASY,8,0
WP,2,C,H,BA,PY,MASY,9,0
WP,2,C,H,BA,PY,MASY,10,0
WP,2,C,H,BA,PD,TRAE,1,0
WP,2,C,H,BA,PD,TRAE,2,0
WP,2,C,H,BA,PD,TRAE,3,0
WP,2,C,H,BA,PD,TRAE,4,0
WP,2,C,H,BA,PD,TRAE,5,0
WP,2,C,H,BA,PD,TRAE,6,0
WP,2,C,H,BA,PD,TRAE,7,0
WP,2,C,H,BA,PD,TRAE,8,0
WP,2,C,H,BA,PD,TRAE,9,0
WP,2,C,H,BA,PD,TRAE,10,0
WP,2,C,H,BA,ND,SIALD,1,0
WP,2,C,H,BA,ND,SIALD,2,0
WP,2,C,H,BA,ND,SIALD,3,0
WP,2,C,H,BA,ND,SIALD,4,0
WP,2,C,H,BA,ND,SIALD,5,0
WP,2,C,H,BA,ND,SIALD,6,0
WP,2,C,H,BA,ND,SIALD,7,0
WP,2,C,H,BA,ND,SIALD,8,0
WP,2,C,H,BA,ND,SIALD,9,0
WP,2,C,H,BA,ND,SIALD,10,0
WP,2,C,H,AA,PY,MASY,1,1
WP,2,C,H,AA,PY,MASY,2,1
WP,2,C,H,AA,PY,MASY,3,1
WP,2,C,H,AA,PY,MASY,4,1
WP,2,C,H,AA,PY,MASY,5,1
WP,2,C,H,AA,PY,MASY,6,1
WP,2,C,H,AA,PY,MASY,7,0
WP,2,C,H,AA,PY,MASY,8,0
WP,2,C,H,AA,PY,MASY,9,0
WP,2,C,H,AA,PY,MASY,10,0
WP,2,C,H,AA,PD,TRAE,1,0
WP,2,C,H,AA,PD,TRAE,2,0
WP,2,C,H,AA,PD,TRAE,3,0
WP,2,C,H,AA,PD,TRAE,4,0
WP,2,C,H,AA,PD,TRAE,5,0
WP,2,C,H,AA,PD,TRAE,6,0
WP,2,C,H,AA,PD,TRAE,7,0
WP,2,C,H,AA,PD,TRAE,8,0
WP,2,C,H,AA,PD,TRAE,9,0
WP,2,C,H,AA,PD,TRAE,10,0
WP,2,C,H,AA,ND,SIALD,1,1
WP,2,C,H,AA,ND,SIALD,2,1
WP,2,C,H,AA,ND,SIALD,3,1
WP,2,C,H,AA,ND,SIALD,4,1
WP,2,C,H,AA,ND,SIALD,5,1
WP,2,C,H,AA,ND,SIALD,6,1
WP,2,C,H,AA,ND,SIALD,7,1
WP,2,C,H,AA,ND,SIALD,8,1
WP,2,C,H,AA,ND,SIALD,9,1
WP,2,C,H,AA,ND,SIALD,10,1
WP,2,C,H,AT,PY,MASY,1,0
WP,2,C,H,AT,PY,MASY,2,0
WP,2,C,H,AT,PY,MASY,3,0
WP,2,C,H,AT,PY,MASY,4,0
WP,2,C,H,AT,PY,MASY,5,0
WP,2,C,H,AT,PY,MASY,6,0
WP,2,C,H,AT,PY,MASY,7,0
WP,2,C,H,AT,PY,MASY,8,0
WP,2,C,H,AT,PY,MASY,9,0
WP,2,C,H,AT,PY,MASY,10,0
WP,2,C,H,AT,PD,TRAE,1,0
WP,2,C,H,AT,PD,TRAE,2,0
WP,2,C,H,AT,PD,TRAE,3,0
WP,2,C,H,AT,PD,TRAE,4,0
WP,2,C,H,AT,PD,TRAE,5,0
WP,2,C,H,AT,PD,TRAE,6,0
WP,2,C,H,AT,PD,TRAE,7,0
WP,2,C,H,AT,PD,TRAE,8,0
WP,2,C,H,AT,PD,TRAE,9,0
WP,2,C,H,AT,PD,TRAE,10,0
WP,2,C,H,AT,ND,SIALD,1,0
WP,2,C,H,AT,ND,SIALD,2,0
WP,2,C,H,AT,ND,SIALD,3,0
WP,2,C,H,AT,ND,SIALD,4,0
WP,2,C,H,AT,ND,SIALD,5,0
WP,2,C,H,AT,ND,SIALD,6,0
WP,2,C,H,AT,ND,SIALD,7,0
WP,2,C,H,AT,ND,SIALD,8,0
WP,2,C,H,AT,ND,SIALD,9,0
WP,2,C,H,AT,ND,SIALD,10,0
WP,3,M,H,BU,PY,MASY,1,0
WP,3,M,H,BU,PY,MASY,2,0
WP,3,M,H,BU,PY,MASY,3,0
WP,3,M,H,BU,PY,MASY,4,0
WP,3,M,H,BU,PY,MASY,5,0
WP,3,M,H,BU,PY,MASY,6,0
WP,3,M,H,BU,PY,MASY,7,0
WP,3,M,H,BU,PY,MASY,8,0
WP,3,M,H,BU,PY,MASY,9,0
WP,3,M,H,BU,PY,MASY,10,0
WP,3,M,H,BU,PD,TRAE,1,0
WP,3,M,H,BU,PD,TRAE,2,0
WP,3,M,H,BU,PD,TRAE,3,0
WP,3,M,H,BU,PD,TRAE,4,0
WP,3,M,H,BU,PD,TRAE,5,0
WP,3,M,H,BU,PD,TRAE,6,0
WP,3,M,H,BU,PD,TRAE,7,0
WP,3,M,H,BU,PD,TRAE,8,0
WP,3,M,H,BU,PD,TRAE,9,0
WP,3,M,H,BU,PD,TRAE,10,0
WP,3,M,H,BU,ND,SIALD,1,0
WP,3,M,H,BU,ND,SIALD,2,0
WP,3,M,H,BU,ND,SIALD,3,0
WP,3,M,H,BU,ND,SIALD,4,0
WP,3,M,H,BU,ND,SIALD,5,0
WP,3,M,H,BU,ND,SIALD,6,0
WP,3,M,H,BU,ND,SIALD,7,0
WP,3,M,H,BU,ND,SIALD,8,0
WP,3,M,H,BU,ND,SIALD,9,0
WP,3,M,H,BU,ND,SIALD,10,0
WP,3,M,H,BA,PY,MASY,1,1
WP,3,M,H,BA,PY,MASY,2,0
WP,3,M,H,BA,PY,MASY,3,0
WP,3,M,H,BA,PY,MASY,4,0
WP,3,M,H,BA,PY,MASY,5,0
WP,3,M,H,BA,PY,MASY,6,0
WP,3,M,H,BA,PY,MASY,7,0
WP,3,M,H,BA,PY,MASY,8,0
WP,3,M,H,BA,PY,MASY,9,0
WP,3,M,H,BA,PY,MASY,10,0
WP,3,M,H,BA,PD,TRAE,1,1
WP,3,M,H,BA,PD,TRAE,2,1
WP,3,M,H,BA,PD,TRAE,3,0
WP,3,M,H,BA,PD,TRAE,4,0
WP,3,M,H,BA,PD,TRAE,5,0
WP,3,M,H,BA,PD,TRAE,6,0
WP,3,M,H,BA,PD,TRAE,7,0
WP,3,M,H,BA,PD,TRAE,8,0
WP,3,M,H,BA,PD,TRAE,9,0
WP,3,M,H,BA,PD,TRAE,10,0
WP,3,M,H,BA,ND,SIALD,1,0
WP,3,M,H,BA,ND,SIALD,2,0
WP,3,M,H,BA,ND,SIALD,3,0
WP,3,M,H,BA,ND,SIALD,4,0
WP,3,M,H,BA,ND,SIALD,5,0
WP,3,M,H,BA,ND,SIALD,6,0
WP,3,M,H,BA,ND,SIALD,7,0
WP,3,M,H,BA,ND,SIALD,8,0
WP,3,M,H,BA,ND,SIALD,9,0
WP,3,M,H,BA,ND,SIALD,10,0
WP,3,M,H,AA,PY,MASY,1,1
WP,3,M,H,AA,PY,MASY,2,1
WP,3,M,H,AA,PY,MASY,3,1
WP,3,M,H,AA,PY,MASY,4,1
WP,3,M,H,AA,PY,MASY,5,1
WP,3,M,H,AA,PY,MASY,6,1
WP,3,M,H,AA,PY,MASY,7,0
WP,3,M,H,AA,PY,MASY,8,0
WP,3,M,H,AA,PY,MASY,9,0
WP,3,M,H,AA,PY,MASY,10,0
WP,3,M,H,AA,PD,TRAE,1,0
WP,3,M,H,AA,PD,TRAE,2,0
WP,3,M,H,AA,PD,TRAE,3,0
WP,3,M,H,AA,PD,TRAE,4,0
WP,3,M,H,AA,PD,TRAE,5,0
WP,3,M,H,AA,PD,TRAE,6,0
WP,3,M,H,AA,PD,TRAE,7,0
WP,3,M,H,AA,PD,TRAE,8,0
WP,3,M,H,AA,PD,TRAE,9,0
WP,3,M,H,AA,PD,TRAE,10,0
WP,3,M,H,AA,ND,SIALD,1,1
WP,3,M,H,AA,ND,SIALD,2,1
WP,3,M,H,AA,ND,SIALD,3,1
WP,3,M,H,AA,ND,SIALD,4,1
WP,3,M,H,AA,ND,SIALD,5,1
WP,3,M,H,AA,ND,SIALD,6,1
WP,3,M,H,AA,ND,SIALD,7,1
WP,3,M,H,AA,ND,SIALD,8,1
WP,3,M,H,AA,ND,SIALD,9,1
WP,3,M,H,AA,ND,SIALD,10,1
WP,3,M,H,AT,PY,MASY,1,1
WP,3,M,H,AT,PY,MASY,2,0
WP,3,M,H,AT,PY,MASY,3,0
WP,3,M,H,AT,PY,MASY,4,0
WP,3,M,H,AT,PY,MASY,5,0
WP,3,M,H,AT,PY,MASY,6,0
WP,3,M,H,AT,PY,MASY,7,0
WP,3,M,H,AT,PY,MASY,8,0
WP,3,M,H,AT,PY,MASY,9,0
WP,3,M,H,AT,PY,MASY,10,0
WP,3,M,H,AT,PD,TRAE,1,0
WP,3,M,H,AT,PD,TRAE,2,0
WP,3,M,H,AT,PD,TRAE,3,0
WP,3,M,H,AT,PD,TRAE,4,0
WP,3,M,H,AT,PD,TRAE,5,0
WP,3,M,H,AT,PD,TRAE,6,0
WP,3,M,H,AT,PD,TRAE,7,0
WP,3,M,H,AT,PD,TRAE,8,0
WP,3,M,H,AT,PD,TRAE,9,0
WP,3,M,H,AT,PD,TRAE,10,0
WP,3,M,H,AT,ND,SIALD,1,1
WP,3,M,H,AT,ND,SIALD,2,1
WP,3,M,H,AT,ND,SIALD,3,0
WP,3,M,H,AT,ND,SIALD,4,0
WP,3,M,H,AT,ND,SIALD,5,0
WP,3,M,H,AT,ND,SIALD,6,0
WP,3,M,H,AT,ND,SIALD,7,0
WP,3,M,H,AT,ND,SIALD,8,0
WP,3,M,H,AT,ND,SIALD,9,0
WP,3,M,H,AT,ND,SIALD,10,0
WP,4,C,O,BU,PY,MASY,1,0
WP,4,C,O,BU,PY,MASY,2,0
WP,4,C,O,BU,PY,MASY,3,0
WP,4,C,O,BU,PY,MASY,4,0
WP,4,C,O,BU,PY,MASY,5,0
WP,4,C,O,BU,PY,MASY,6,0
WP,4,C,O,BU,PY,MASY,7,0
WP,4,C,O,BU,PY,MASY,8,0
WP,4,C,O,BU,PY,MASY,9,0
WP,4,C,O,BU,PY,MASY,10,0
WP,4,C,O,BU,PD,TRAE,1,1
WP,4,C,O,BU,PD,TRAE,2,NA
WP,4,C,O,BU,PD,TRAE,3,0
WP,4,C,O,BU,PD,TRAE,4,0
WP,4,C,O,BU,PD,TRAE,5,0
WP,4,C,O,BU,PD,TRAE,6,0
WP,4,C,O,BU,PD,TRAE,7,0
WP,4,C,O,BU,PD,TRAE,8,0
WP,4,C,O,BU,PD,TRAE,9,0
WP,4,C,O,BU,PD,TRAE,10,0
WP,4,C,O,BU,ND,SIALD,1,0
WP,4,C,O,BU,ND,SIALD,2,0
WP,4,C,O,BU,ND,SIALD,3,0
WP,4,C,O,BU,ND,SIALD,4,0
WP,4,C,O,BU,ND,SIALD,5,0
WP,4,C,O,BU,ND,SIALD,6,0
WP,4,C,O,BU,ND,SIALD,7,0
WP,4,C,O,BU,ND,SIALD,8,0
WP,4,C,O,BU,ND,SIALD,9,0
WP,4,C,O,BU,ND,SIALD,10,0
WP,4,C,O,BA,PY,MASY,1,0
WP,4,C,O,BA,PY,MASY,2,0
WP,4,C,O,BA,PY,MASY,3,0
WP,4,C,O,BA,PY,MASY,4,0
WP,4,C,O,BA,PY,MASY,5,0
WP,4,C,O,BA,PY,MASY,6,0
WP,4,C,O,BA,PY,MASY,7,0
WP,4,C,O,BA,PY,MASY,8,0
WP,4,C,O,BA,PY,MASY,9,0
WP,4,C,O,BA,PY,MASY,10,0
WP,4,C,O,BA,PD,TRAE,1,0
WP,4,C,O,BA,PD,TRAE,2,0
WP,4,C,O,BA,PD,TRAE,3,0
WP,4,C,O,BA,PD,TRAE,4,0
WP,4,C,O,BA,PD,TRAE,5,0
WP,4,C,O,BA,PD,TRAE,6,0
WP,4,C,O,BA,PD,TRAE,7,0
WP,4,C,O,BA,PD,TRAE,8,0
WP,4,C,O,BA,PD,TRAE,9,0
WP,4,C,O,BA,PD,TRAE,10,0
WP,4,C,O,BA,ND,SIALD,1,0
WP,4,C,O,BA,ND,SIALD,2,0
WP,4,C,O,BA,ND,SIALD,3,0
WP,4,C,O,BA,ND,SIALD,4,0
WP,4,C,O,BA,ND,SIALD,5,0
WP,4,C,O,BA,ND,SIALD,6,0
WP,4,C,O,BA,ND,SIALD,7,0
WP,4,C,O,BA,ND,SIALD,8,0
WP,4,C,O,BA,ND,SIALD,9,0
WP,4,C,O,BA,ND,SIALD,10,0
WP,4,C,O,AA,PY,MASY,1,1
WP,4,C,O,AA,PY,MASY,2,1
WP,4,C,O,AA,PY,MASY,3,1
WP,4,C,O,AA,PY,MASY,4,1
WP,4,C,O,AA,PY,MASY,5,1
WP,4,C,O,AA,PY,MASY,6,1
WP,4,C,O,AA,PY,MASY,7,0
WP,4,C,O,AA,PY,MASY,8,0
WP,4,C,O,AA,PY,MASY,9,0
WP,4,C,O,AA,PY,MASY,10,0
WP,4,C,O,AA,PD,TRAE,1,1
WP,4,C,O,AA,PD,TRAE,2,1
WP,4,C,O,AA,PD,TRAE,3,1
WP,4,C,O,AA,PD,TRAE,4,0
WP,4,C,O,AA,PD,TRAE,5,0
WP,4,C,O,AA,PD,TRAE,6,0
WP,4,C,O,AA,PD,TRAE,7,0
WP,4,C,O,AA,PD,TRAE,8,0
WP,4,C,O,AA,PD,TRAE,9,0
WP,4,C,O,AA,PD,TRAE,10,0
WP,4,C,O,AA,ND,SIALD,1,1
WP,4,C,O,AA,ND,SIALD,2,1
WP,4,C,O,AA,ND,SIALD,3,1
WP,4,C,O,AA,ND,SIALD,4,1
WP,4,C,O,AA,ND,SIALD,5,1
WP,4,C,O,AA,ND,SIALD,6,1
WP,4,C,O,AA,ND,SIALD,7,1
WP,4,C,O,AA,ND,SIALD,8,1
WP,4,C,O,AA,ND,SIALD,9,1
WP,4,C,O,AA,ND,SIALD,10,1
WP,4,C,O,AT,PY,MASY,1,1
WP,4,C,O,AT,PY,MASY,2,1
WP,4,C,O,AT,PY,MASY,3,1
WP,4,C,O,AT,PY,MASY,4,0
WP,4,C,O,AT,PY,MASY,5,0
WP,4,C,O,AT,PY,MASY,6,0
WP,4,C,O,AT,PY,MASY,7,0
WP,4,C,O,AT,PY,MASY,8,0
WP,4,C,O,AT,PY,MASY,9,0
WP,4,C,O,AT,PY,MASY,10,0
WP,4,C,O,AT,PD,TRAE,1,0
WP,4,C,O,AT,PD,TRAE,2,0
WP,4,C,O,AT,PD,TRAE,3,0
WP,4,C,O,AT,PD,TRAE,4,0
WP,4,C,O,AT,PD,TRAE,5,0
WP,4,C,O,AT,PD,TRAE,6,0
WP,4,C,O,AT,PD,TRAE,7,0
WP,4,C,O,AT,PD,TRAE,8,0
WP,4,C,O,AT,PD,TRAE,9,0
WP,4,C,O,AT,PD,TRAE,10,0
WP,4,C,O,AT,ND,SIALD,1,NA
WP,4,C,O,AT,ND,SIALD,2,NA
WP,4,C,O,AT,ND,SIALD,3,NA
WP,4,C,O,AT,ND,SIALD,4,NA
WP,4,C,O,AT,ND,SIALD,5,NA
WP,4,C,O,AT,ND,SIALD,6,NA
WP,4,C,O,AT,ND,SIALD,7,NA
WP,4,C,O,AT,ND,SIALD,8,NA
WP,4,C,O,AT,ND,SIALD,9,NA
WP,4,C,O,AT,ND,SIALD,10,NA
WP,5,C,S,BU,PY,MASY,1,0
WP,5,C,S,BU,PY,MASY,2,0
WP,5,C,S,BU,PY,MASY,3,0
WP,5,C,S,BU,PY,MASY,4,0
WP,5,C,S,BU,PY,MASY,5,0
WP,5,C,S,BU,PY,MASY,6,0
WP,5,C,S,BU,PY,MASY,7,0
WP,5,C,S,BU,PY,MASY,8,0
WP,5,C,S,BU,PY,MASY,9,0
WP,5,C,S,BU,PY,MASY,10,0
WP,5,C,S,BU,PD,TRAE,1,1
WP,5,C,S,BU,PD,TRAE,2,1
WP,5,C,S,BU,PD,TRAE,3,0
WP,5,C,S,BU,PD,TRAE,4,0
WP,5,C,S,BU,PD,TRAE,5,0
WP,5,C,S,BU,PD,TRAE,6,0
WP,5,C,S,BU,PD,TRAE,7,0
WP,5,C,S,BU,PD,TRAE,8,0
WP,5,C,S,BU,PD,TRAE,9,0
WP,5,C,S,BU,PD,TRAE,10,0
WP,5,C,S,BU,ND,SIALD,1,0
WP,5,C,S,BU,ND,SIALD,2,0
WP,5,C,S,BU,ND,SIALD,3,0
WP,5,C,S,BU,ND,SIALD,4,0
WP,5,C,S,BU,ND,SIALD,5,0
WP,5,C,S,BU,ND,SIALD,6,0
WP,5,C,S,BU,ND,SIALD,7,0
WP,5,C,S,BU,ND,SIALD,8,0
WP,5,C,S,BU,ND,SIALD,9,0
WP,5,C,S,BU,ND,SIALD,10,0
WP,5,C,S,BA,PY,MASY,1,1
WP,5,C,S,BA,PY,MASY,2,0
WP,5,C,S,BA,PY,MASY,3,0
WP,5,C,S,BA,PY,MASY,4,0
WP,5,C,S,BA,PY,MASY,5,0
WP,5,C,S,BA,PY,MASY,6,0
WP,5,C,S,BA,PY,MASY,7,0
WP,5,C,S,BA,PY,MASY,8,0
WP,5,C,S,BA,PY,MASY,9,0
WP,5,C,S,BA,PY,MASY,10,0
WP,5,C,S,BA,PD,TRAE,1,1
WP,5,C,S,BA,PD,TRAE,2,0
WP,5,C,S,BA,PD,TRAE,3,0
WP,5,C,S,BA,PD,TRAE,4,0
WP,5,C,S,BA,PD,TRAE,5,0
WP,5,C,S,BA,PD,TRAE,6,0
WP,5,C,S,BA,PD,TRAE,7,0
WP,5,C,S,BA,PD,TRAE,8,0
WP,5,C,S,BA,PD,TRAE,9,0
WP,5,C,S,BA,PD,TRAE,10,0
WP,5,C,S,BA,ND,SIALD,1,1
WP,5,C,S,BA,ND,SIALD,2,1
WP,5,C,S,BA,ND,SIALD,3,0
WP,5,C,S,BA,ND,SIALD,4,0
WP,5,C,S,BA,ND,SIALD,5,0
WP,5,C,S,BA,ND,SIALD,6,0
WP,5,C,S,BA,ND,SIALD,7,0
WP,5,C,S,BA,ND,SIALD,8,0
WP,5,C,S,BA,ND,SIALD,9,0
WP,5,C,S,BA,ND,SIALD,10,0
WP,5,C,S,AA,PY,MASY,1,1
WP,5,C,S,AA,PY,MASY,2,1
WP,5,C,S,AA,PY,MASY,3,1
WP,5,C,S,AA,PY,MASY,4,1
WP,5,C,S,AA,PY,MASY,5,1
WP,5,C,S,AA,PY,MASY,6,0
WP,5,C,S,AA,PY,MASY,7,0
WP,5,C,S,AA,PY,MASY,8,0
WP,5,C,S,AA,PY,MASY,9,0
WP,5,C,S,AA,PY,MASY,10,0
WP,5,C,S,AA,PD,TRAE,1,0
WP,5,C,S,AA,PD,TRAE,2,0
WP,5,C,S,AA,PD,TRAE,3,0
WP,5,C,S,AA,PD,TRAE,4,0
WP,5,C,S,AA,PD,TRAE,5,0
WP,5,C,S,AA,PD,TRAE,6,0
WP,5,C,S,AA,PD,TRAE,7,0
WP,5,C,S,AA,PD,TRAE,8,0
WP,5,C,S,AA,PD,TRAE,9,0
WP,5,C,S,AA,PD,TRAE,10,0
WP,5,C,S,AA,ND,SIALD,1,1
WP,5,C,S,AA,ND,SIALD,2,1
WP,5,C,S,AA,ND,SIALD,3,1
WP,5,C,S,AA,ND,SIALD,4,1
WP,5,C,S,AA,ND,SIALD,5,1
WP,5,C,S,AA,ND,SIALD,6,1
WP,5,C,S,AA,ND,SIALD,7,1
WP,5,C,S,AA,ND,SIALD,8,0
WP,5,C,S,AA,ND,SIALD,9,0
WP,5,C,S,AA,ND,SIALD,10,0
WP,5,C,S,AT,PY,MASY,1,1
WP,5,C,S,AT,PY,MASY,2,0
WP,5,C,S,AT,PY,MASY,3,0
WP,5,C,S,AT,PY,MASY,4,0
WP,5,C,S,AT,PY,MASY,5,0
WP,5,C,S,AT,PY,MASY,6,0
WP,5,C,S,AT,PY,MASY,7,0
WP,5,C,S,AT,PY,MASY,8,0
WP,5,C,S,AT,PY,MASY,9,0
WP,5,C,S,AT,PY,MASY,10,0
WP,5,C,S,AT,PD,TRAE,1,0
WP,5,C,S,AT,PD,TRAE,2,0
WP,5,C,S,AT,PD,TRAE,3,0
WP,5,C,S,AT,PD,TRAE,4,0
WP,5,C,S,AT,PD,TRAE,5,0
WP,5,C,S,AT,PD,TRAE,6,0
WP,5,C,S,AT,PD,TRAE,7,0
WP,5,C,S,AT,PD,TRAE,8,0
WP,5,C,S,AT,PD,TRAE,9,0
WP,5,C,S,AT,PD,TRAE,10,0
WP,5,C,S,AT,ND,SIALD,1,1
WP,5,C,S,AT,ND,SIALD,2,0
WP,5,C,S,AT,ND,SIALD,3,0
WP,5,C,S,AT,ND,SIALD,4,0
WP,5,C,S,AT,ND,SIALD,5,0
WP,5,C,S,AT,ND,SIALD,6,0
WP,5,C,S,AT,ND,SIALD,7,0
WP,5,C,S,AT,ND,SIALD,8,0
WP,5,C,S,AT,ND,SIALD,9,0
WP,5,C,S,AT,ND,SIALD,10,0
WP,6,M,O,BU,PY,MASY,1,0
WP,6,M,O,BU,PY,MASY,2,0
WP,6,M,O,BU,PY,MASY,3,0
WP,6,M,O,BU,PY,MASY,4,0
WP,6,M,O,BU,PY,MASY,5,0
WP,6,M,O,BU,PY,MASY,6,0
WP,6,M,O,BU,PY,MASY,7,0
WP,6,M,O,BU,PY,MASY,8,0
WP,6,M,O,BU,PY,MASY,9,0
WP,6,M,O,BU,PY,MASY,10,0
WP,6,M,O,BU,PD,TRAE,1,1
WP,6,M,O,BU,PD,TRAE,2,1
WP,6,M,O,BU,PD,TRAE,3,1
WP,6,M,O,BU,PD,TRAE,4,0
WP,6,M,O,BU,PD,TRAE,5,0
WP,6,M,O,BU,PD,TRAE,6,0
WP,6,M,O,BU,PD,TRAE,7,0
WP,6,M,O,BU,PD,TRAE,8,0
WP,6,M,O,BU,PD,TRAE,9,0
WP,6,M,O,BU,PD,TRAE,10,0
WP,6,M,O,BU,ND,SIALD,1,0
WP,6,M,O,BU,ND,SIALD,2,0
WP,6,M,O,BU,ND,SIALD,3,0
WP,6,M,O,BU,ND,SIALD,4,0
WP,6,M,O,BU,ND,SIALD,5,0
WP,6,M,O,BU,ND,SIALD,6,0
WP,6,M,O,BU,ND,SIALD,7,0
WP,6,M,O,BU,ND,SIALD,8,0
WP,6,M,O,BU,ND,SIALD,9,0
WP,6,M,O,BU,ND,SIALD,10,0
WP,6,M,O,BA,PY,MASY,1,0
WP,6,M,O,BA,PY,MASY,2,0
WP,6,M,O,BA,PY,MASY,3,0
WP,6,M,O,BA,PY,MASY,4,0
WP,6,M,O,BA,PY,MASY,5,0
WP,6,M,O,BA,PY,MASY,6,0
WP,6,M,O,BA,PY,MASY,7,0
WP,6,M,O,BA,PY,MASY,8,0
WP,6,M,O,BA,PY,MASY,9,0
WP,6,M,O,BA,PY,MASY,10,0
WP,6,M,O,BA,PD,TRAE,1,1
WP,6,M,O,BA,PD,TRAE,2,1
WP,6,M,O,BA,PD,TRAE,3,0
WP,6,M,O,BA,PD,TRAE,4,0
WP,6,M,O,BA,PD,TRAE,5,0
WP,6,M,O,BA,PD,TRAE,6,0
WP,6,M,O,BA,PD,TRAE,7,0
WP,6,M,O,BA,PD,TRAE,8,0
WP,6,M,O,BA,PD,TRAE,9,0
WP,6,M,O,BA,PD,TRAE,10,0
WP,6,M,O,BA,ND,SIALD,1,0
WP,6,M,O,BA,ND,SIALD,2,0
WP,6,M,O,BA,ND,SIALD,3,0
WP,6,M,O,BA,ND,SIALD,4,0
WP,6,M,O,BA,ND,SIALD,5,0
WP,6,M,O,BA,ND,SIALD,6,0
WP,6,M,O,BA,ND,SIALD,7,0
WP,6,M,O,BA,ND,SIALD,8,0
WP,6,M,O,BA,ND,SIALD,9,0
WP,6,M,O,BA,ND,SIALD,10,0
WP,6,M,O,AA,PY,MASY,1,1
WP,6,M,O,AA,PY,MASY,2,0
WP,6,M,O,AA,PY,MASY,3,0
WP,6,M,O,AA,PY,MASY,4,0
WP,6,M,O,AA,PY,MASY,5,0
WP,6,M,O,AA,PY,MASY,6,0
WP,6,M,O,AA,PY,MASY,7,0
WP,6,M,O,AA,PY,MASY,8,0
WP,6,M,O,AA,PY,MASY,9,0
WP,6,M,O,AA,PY,MASY,10,0
WP,6,M,O,AA,PD,TRAE,1,0
WP,6,M,O,AA,PD,TRAE,2,0
WP,6,M,O,AA,PD,TRAE,3,0
WP,6,M,O,AA,PD,TRAE,4,0
WP,6,M,O,AA,PD,TRAE,5,0
WP,6,M,O,AA,PD,TRAE,6,0
WP,6,M,O,AA,PD,TRAE,7,0
WP,6,M,O,AA,PD,TRAE,8,0
WP,6,M,O,AA,PD,TRAE,9,0
WP,6,M,O,AA,PD,TRAE,10,0
WP,6,M,O,AA,ND,SIALD,1,1
WP,6,M,O,AA,ND,SIALD,2,1
WP,6,M,O,AA,ND,SIALD,3,1
WP,6,M,O,AA,ND,SIALD,4,1
WP,6,M,O,AA,ND,SIALD,5,1
WP,6,M,O,AA,ND,SIALD,6,1
WP,6,M,O,AA,ND,SIALD,7,1
WP,6,M,O,AA,ND,SIALD,8,1
WP,6,M,O,AA,ND,SIALD,9,1
WP,6,M,O,AA,ND,SIALD,10,1
WP,6,M,O,AT,PY,MASY,1,0
WP,6,M,O,AT,PY,MASY,2,0
WP,6,M,O,AT,PY,MASY,3,0
WP,6,M,O,AT,PY,MASY,4,0
WP,6,M,O,AT,PY,MASY,5,0
WP,6,M,O,AT,PY,MASY,6,0
WP,6,M,O,AT,PY,MASY,7,0
WP,6,M,O,AT,PY,MASY,8,0
WP,6,M,O,AT,PY,MASY,9,0
WP,6,M,O,AT,PY,MASY,10,0
WP,6,M,O,AT,PD,TRAE,1,0
WP,6,M,O,AT,PD,TRAE,2,0
WP,6,M,O,AT,PD,TRAE,3,0
WP,6,M,O,AT,PD,TRAE,4,0
WP,6,M,O,AT,PD,TRAE,5,0
WP,6,M,O,AT,PD,TRAE,6,0
WP,6,M,O,AT,PD,TRAE,7,0
WP,6,M,O,AT,PD,TRAE,8,0
WP,6,M,O,AT,PD,TRAE,9,0
WP,6,M,O,AT,PD,TRAE,10,0
WP,6,M,O,AT,ND,SIALD,1,0
WP,6,M,O,AT,ND,SIALD,2,0
WP,6,M,O,AT,ND,SIALD,3,0
WP,6,M,O,AT,ND,SIALD,4,0
WP,6,M,O,AT,ND,SIALD,5,0
WP,6,M,O,AT,ND,SIALD,6,0
WP,6,M,O,AT,ND,SIALD,7,0
WP,6,M,O,AT,ND,SIALD,8,0
WP,6,M,O,AT,ND,SIALD,9,0
WP,6,M,O,AT,ND,SIALD,10,0
WP,REF,,,A,PY,MASY,1,1
WP,REF,,,A,PY,MASY,2,0
WP,REF,,,A,PY,MASY,3,0
WP,REF,,,A,PY,MASY,4,0
WP,REF,,,A,PY,MASY,5,0
WP,REF,,,A,PY,MASY,6,0
WP,REF,,,A,PY,MASY,7,0
WP,REF,,,A,PY,MASY,8,0
WP,REF,,,A,PY,MASY,9,0
WP,REF,,,A,PY,MASY,10,0
WP,REF,,,A,PD,TRAE,1,0
WP,REF,,,A,PD,TRAE,2,0
WP,REF,,,A,PD,TRAE,3,0
WP,REF,,,A,PD,TRAE,4,0
WP,REF,,,A,PD,TRAE,5,0
WP,REF,,,A,PD,TRAE,6,0
WP,REF,,,A,PD,TRAE,7,0
WP,REF,,,A,PD,TRAE,8,0
WP,REF,,,A,PD,TRAE,9,0
WP,REF,,,A,PD,TRAE,10,0
WP,REF,,,A,ND,SIALD,1,1
WP,REF,,,A,ND,SIALD,2,1
WP,REF,,,A,ND,SIALD,3,1
WP,REF,,,A,ND,SIALD,4,1
WP,REF,,,A,ND,SIALD,5,0
WP,REF,,,A,ND,SIALD,6,0
WP,REF,,,A,ND,SIALD,7,0
WP,REF,,,A,ND,SIALD,8,0
WP,REF,,,A,ND,SIALD,9,0
WP,REF,,,A,ND,SIALD,10,0
WP,REF,,,B,PY,MASY,1,1
WP,REF,,,B,PY,MASY,2,1
WP,REF,,,B,PY,MASY,3,1
WP,REF,,,B,PY,MASY,4,1
WP,REF,,,B,PY,MASY,5,0
WP,REF,,,B,PY,MASY,6,0
WP,REF,,,B,PY,MASY,7,0
WP,REF,,,B,PY,MASY,8,0
WP,REF,,,B,PY,MASY,9,0
WP,REF,,,B,PY,MASY,10,0
WP,REF,,,B,PD,TRAE,1,1
WP,REF,,,B,PD,TRAE,2,1
WP,REF,,,B,PD,TRAE,3,1
WP,REF,,,B,PD,TRAE,4,1
WP,REF,,,B,PD,TRAE,5,0
WP,REF,,,B,PD,TRAE,6,0
WP,REF,,,B,PD,TRAE,7,0
WP,REF,,,B,PD,TRAE,8,0
WP,REF,,,B,PD,TRAE,9,0
WP,REF,,,B,PD,TRAE,10,0
WP,REF,,,B,ND,SIALD,1,1
WP,REF,,,B,ND,SIALD,2,1
WP,REF,,,B,ND,SIALD,3,1
WP,REF,,,B,ND,SIALD,4,0
WP,REF,,,B,ND,SIALD,5,0
WP,REF,,,B,ND,SIALD,6,0
WP,REF,,,B,ND,SIALD,7,0
WP,REF,,,B,ND,SIALD,8,0
WP,REF,,,B,ND,SIALD,9,0
WP,REF,,,B,ND,SIALD,10,0
DF,1,M,S,BU,PY,RHGL,1,0
DF,1,M,S,BU,PY,RHGL,2,0
DF,1,M,S,BU,PY,RHGL,3,0
DF,1,M,S,BU,PY,RHGL,4,0
DF,1,M,S,BU,PY,RHGL,5,0
DF,1,M,S,BU,PD,SYRIN,1,0
DF,1,M,S,BU,PD,SYRIN,2,0
DF,1,M,S,BU,PD,SYRIN,3,0
DF,1,M,S,BU,ND,PISY,1,0
DF,1,M,S,BU,ND,PISY,2,0
DF,1,M,S,BU,ND,PISY,3,0
DF,1,M,S,BU,ND,PISY,4,0
DF,1,M,S,BU,ND,PISY,5,0
DF,1,M,S,BU,ND,PISY,6,0
DF,1,M,S,BU,ND,PISY,7,0
DF,1,M,S,BU,ND,PISY,8,0
DF,1,M,S,BU,ND,PISY,9,0
DF,1,M,S,BU,ND,PISY,10,0
DF,1,M,S,BA,PY,RHGL,1,0
DF,1,M,S,BA,PY,RHGL,2,0
DF,1,M,S,BA,PY,RHGL,3,0
DF,1,M,S,BA,PY,RHGL,4,0
DF,1,M,S,BA,PY,RHGL,5,NA
DF,1,M,S,BA,PD,SYRIN,1,0
DF,1,M,S,BA,PD,SYRIN,2,0
DF,1,M,S,BA,PD,SYRIN,3,0
DF,1,M,S,BA,ND,PISY,1,1
DF,1,M,S,BA,ND,PISY,2,0
DF,1,M,S,BA,ND,PISY,3,0
DF,1,M,S,BA,ND,PISY,4,0
DF,1,M,S,BA,ND,PISY,5,0
DF,1,M,S,BA,ND,PISY,6,0
DF,1,M,S,BA,ND,PISY,7,0
DF,1,M,S,BA,ND,PISY,8,0
DF,1,M,S,BA,ND,PISY,9,0
DF,1,M,S,BA,ND,PISY,10,0
DF,1,M,S,AA,PY,RHGL,1,0
DF,1,M,S,AA,PY,RHGL,2,0
DF,1,M,S,AA,PY,RHGL,3,NA
DF,1,M,S,AA,PY,RHGL,4,NA
DF,1,M,S,AA,PY,RHGL,5,NA
DF,1,M,S,AA,PD,SYRIN,1,1
DF,1,M,S,AA,PD,SYRIN,2,1
DF,1,M,S,AA,PD,SYRIN,3,0
DF,1,M,S,AA,ND,PISY,1,0
DF,1,M,S,AA,ND,PISY,2,0
DF,1,M,S,AA,ND,PISY,3,0
DF,1,M,S,AA,ND,PISY,4,0
DF,1,M,S,AA,ND,PISY,5,0
DF,1,M,S,AA,ND,PISY,6,0
DF,1,M,S,AA,ND,PISY,7,0
DF,1,M,S,AA,ND,PISY,8,0
DF,1,M,S,AA,ND,PISY,9,0
DF,1,M,S,AA,ND,PISY,10,0
DF,1,M,S,AT,PY,RHGL,1,0
DF,1,M,S,AT,PY,RHGL,2,NA
DF,1,M,S,AT,PY,RHGL,3,NA
DF,1,M,S,AT,PY,RHGL,4,NA
DF,1,M,S,AT,PY,RHGL,5,0
DF,1,M,S,AT,PD,SYRIN,1,1
DF,1,M,S,AT,PD,SYRIN,2,0
DF,1,M,S,AT,PD,SYRIN,3,0
DF,1,M,S,AT,ND,PISY,1,0
DF,1,M,S,AT,ND,PISY,2,0
DF,1,M,S,AT,ND,PISY,3,0
DF,1,M,S,AT,ND,PISY,4,0
DF,1,M,S,AT,ND,PISY,5,0
DF,1,M,S,AT,ND,PISY,6,0
DF,1,M,S,AT,ND,PISY,7,0
DF,1,M,S,AT,ND,PISY,8,0
DF,1,M,S,AT,ND,PISY,9,0
DF,1,M,S,AT,ND,PISY,10,0
DF,2,C,S,BU,PY,RHGL,1,0
DF,2,C,S,BU,PY,RHGL,2,0
DF,2,C,S,BU,PY,RHGL,3,0
DF,2,C,S,BU,PY,RHGL,4,0
DF,2,C,S,BU,PY,RHGL,5,0
DF,2,C,S,BU,PD,SYRIN,1,0
DF,2,C,S,BU,PD,SYRIN,2,0
DF,2,C,S,BU,PD,SYRIN,3,0
DF,2,C,S,BU,ND,PISY,1,0
DF,2,C,S,BU,ND,PISY,2,0
DF,2,C,S,BU,ND,PISY,3,0
DF,2,C,S,BU,ND,PISY,4,0
DF,2,C,S,BU,ND,PISY,5,0
DF,2,C,S,BU,ND,PISY,6,0
DF,2,C,S,BU,ND,PISY,7,0
DF,2,C,S,BU,ND,PISY,8,0
DF,2,C,S,BU,ND,PISY,9,0
DF,2,C,S,BU,ND,PISY,10,0
DF,2,C,S,BA,PY,RHGL,1,0
DF,2,C,S,BA,PY,RHGL,2,0
DF,2,C,S,BA,PY,RHGL,3,NA
DF,2,C,S,BA,PY,RHGL,4,NA
DF,2,C,S,BA,PY,RHGL,5,0
DF,2,C,S,BA,PD,SYRIN,1,1
DF,2,C,S,BA,PD,SYRIN,2,0
DF,2,C,S,BA,PD,SYRIN,3,0
DF,2,C,S,BA,ND,PISY,1,1
DF,2,C,S,BA,ND,PISY,2,1
DF,2,C,S,BA,ND,PISY,3,1
DF,2,C,S,BA,ND,PISY,4,0
DF,2,C,S,BA,ND,PISY,5,0
DF,2,C,S,BA,ND,PISY,6,0
DF,2,C,S,BA,ND,PISY,7,0
DF,2,C,S,BA,ND,PISY,8,0
DF,2,C,S,BA,ND,PISY,9,0
DF,2,C,S,BA,ND,PISY,10,0
DF,2,C,S,AA,PY,RHGL,1,0
DF,2,C,S,AA,PY,RHGL,2,0
DF,2,C,S,AA,PY,RHGL,3,0
DF,2,C,S,AA,PY,RHGL,4,NA
DF,2,C,S,AA,PY,RHGL,5,NA
DF,2,C,S,AA,PD,SYRIN,1,1
DF,2,C,S,AA,PD,SYRIN,2,1
DF,2,C,S,AA,PD,SYRIN,3,1
DF,2,C,S,AA,ND,PISY,1,0
DF,2,C,S,AA,ND,PISY,2,1
DF,2,C,S,AA,ND,PISY,3,1
DF,2,C,S,AA,ND,PISY,4,1
DF,2,C,S,AA,ND,PISY,5,0
DF,2,C,S,AA,ND,PISY,6,0
DF,2,C,S,AA,ND,PISY,7,0
DF,2,C,S,AA,ND,PISY,8,0
DF,2,C,S,AA,ND,PISY,9,0
DF,2,C,S,AA,ND,PISY,10,0
DF,2,C,S,AT,PY,RHGL,1,1
DF,2,C,S,AT,PY,RHGL,2,1
DF,2,C,S,AT,PY,RHGL,3,0
DF,2,C,S,AT,PY,RHGL,4,0
DF,2,C,S,AT,PY,RHGL,5,0
DF,2,C,S,AT,PD,SYRIN,1,0
DF,2,C,S,AT,PD,SYRIN,2,0
DF,2,C,S,AT,PD,SYRIN,3,0
DF,2,C,S,AT,ND,PISY,1,0
DF,2,C,S,AT,ND,PISY,2,0
DF,2,C,S,AT,ND,PISY,3,0
DF,2,C,S,AT,ND,PISY,4,0
DF,2,C,S,AT,ND,PISY,5,0
DF,2,C,S,AT,ND,PISY,6,0
DF,2,C,S,AT,ND,PISY,7,0
DF,2,C,S,AT,ND,PISY,8,0
DF,2,C,S,AT,ND,PISY,9,0
DF,2,C,S,AT,ND,PISY,10,0
DF,3,M,H,BU,PY,RHGL,1,0
DF,3,M,H,BU,PY,RHGL,2,0
DF,3,M,H,BU,PY,RHGL,3,0
DF,3,M,H,BU,PY,RHGL,4,0
DF,3,M,H,BU,PY,RHGL,5,0
DF,3,M,H,BU,PD,SYRIN,1,0
DF,3,M,H,BU,PD,SYRIN,2,0
DF,3,M,H,BU,PD,SYRIN,3,0
DF,3,M,H,BU,ND,PISY,1,0
DF,3,M,H,BU,ND,PISY,2,0
DF,3,M,H,BU,ND,PISY,3,0
DF,3,M,H,BU,ND,PISY,4,0
DF,3,M,H,BU,ND,PISY,5,0
DF,3,M,H,BU,ND,PISY,6,0
DF,3,M,H,BU,ND,PISY,7,0
DF,3,M,H,BU,ND,PISY,8,0
DF,3,M,H,BU,ND,PISY,9,0
DF,3,M,H,BU,ND,PISY,10,0
DF,3,M,H,BA,PY,RHGL,1,0
DF,3,M,H,BA,PY,RHGL,2,0
DF,3,M,H,BA,PY,RHGL,3,0
DF,3,M,H,BA,PY,RHGL,4,NA
DF,3,M,H,BA,PY,RHGL,5,0
DF,3,M,H,BA,PD,SYRIN,1,0
DF,3,M,H,BA,PD,SYRIN,2,0
DF,3,M,H,BA,PD,SYRIN,3,0
DF,3,M,H,BA,ND,PISY,1,1
DF,3,M,H,BA,ND,PISY,2,1
DF,3,M,H,BA,ND,PISY,3,1
DF,3,M,H,BA,ND,PISY,4,0
DF,3,M,H,BA,ND,PISY,5,0
DF,3,M,H,BA,ND,PISY,6,0
DF,3,M,H,BA,ND,PISY,7,0
DF,3,M,H,BA,ND,PISY,8,0
DF,3,M,H,BA,ND,PISY,9,0
DF,3,M,H,BA,ND,PISY,10,0
DF,3,M,H,AA,PY,RHGL,1,1
DF,3,M,H,AA,PY,RHGL,2,1
DF,3,M,H,AA,PY,RHGL,3,0
DF,3,M,H,AA,PY,RHGL,4,0
DF,3,M,H,AA,PY,RHGL,5,NA
DF,3,M,H,AA,PD,SYRIN,1,0
DF,3,M,H,AA,PD,SYRIN,2,0
DF,3,M,H,AA,PD,SYRIN,3,0
DF,3,M,H,AA,ND,PISY,1,0
DF,3,M,H,AA,ND,PISY,2,0
DF,3,M,H,AA,ND,PISY,3,0
DF,3,M,H,AA,ND,PISY,4,0
DF,3,M,H,AA,ND,PISY,5,0
DF,3,M,H,AA,ND,PISY,6,0
DF,3,M,H,AA,ND,PISY,7,0
DF,3,M,H,AA,ND,PISY,8,0
DF,3,M,H,AA,ND,PISY,9,0
DF,3,M,H,AA,ND,PISY,10,0
DF,3,M,H,AT,PY,RHGL,1,1
DF,3,M,H,AT,PY,RHGL,2,0
DF,3,M,H,AT,PY,RHGL,3,0
DF,3,M,H,AT,PY,RHGL,4,0
DF,3,M,H,AT,PY,RHGL,5,0
DF,3,M,H,AT,PD,SYRIN,1,0
DF,3,M,H,AT,PD,SYRIN,2,0
DF,3,M,H,AT,PD,SYRIN,3,0
DF,3,M,H,AT,ND,PISY,1,0
DF,3,M,H,AT,ND,PISY,2,0
DF,3,M,H,AT,ND,PISY,3,0
DF,3,M,H,AT,ND,PISY,4,0
DF,3,M,H,AT,ND,PISY,5,0
DF,3,M,H,AT,ND,PISY,6,0
DF,3,M,H,AT,ND,PISY,7,0
DF,3,M,H,AT,ND,PISY,8,0
DF,3,M,H,AT,ND,PISY,9,0
DF,3,M,H,AT,ND,PISY,10,0
DF,4,M,O,BU,PY,RHGL,1,0
DF,4,M,O,BU,PY,RHGL,2,0
DF,4,M,O,BU,PY,RHGL,3,0
DF,4,M,O,BU,PY,RHGL,4,0
DF,4,M,O,BU,PY,RHGL,5,0
DF,4,M,O,BU,PD,SYRIN,1,0
DF,4,M,O,BU,PD,SYRIN,2,0
DF,4,M,O,BU,PD,SYRIN,3,0
DF,4,M,O,BU,ND,PISY,1,0
DF,4,M,O,BU,ND,PISY,2,0
DF,4,M,O,BU,ND,PISY,3,0
DF,4,M,O,BU,ND,PISY,4,0
DF,4,M,O,BU,ND,PISY,5,0
DF,4,M,O,BU,ND,PISY,6,0
DF,4,M,O,BU,ND,PISY,7,0
DF,4,M,O,BU,ND,PISY,8,0
DF,4,M,O,BU,ND,PISY,9,0
DF,4,M,O,BU,ND,PISY,10,0
DF,4,M,O,BA,PY,RHGL,1,0
DF,4,M,O,BA,PY,RHGL,2,0
DF,4,M,O,BA,PY,RHGL,3,NA
DF,4,M,O,BA,PY,RHGL,4,NA
DF,4,M,O,BA,PY,RHGL,5,NA
DF,4,M,O,BA,PD,SYRIN,1,0
DF,4,M,O,BA,PD,SYRIN,2,0
DF,4,M,O,BA,PD,SYRIN,3,0
DF,4,M,O,BA,ND,PISY,1,0
DF,4,M,O,BA,ND,PISY,2,0
DF,4,M,O,BA,ND,PISY,3,0
DF,4,M,O,BA,ND,PISY,4,0
DF,4,M,O,BA,ND,PISY,5,0
DF,4,M,O,BA,ND,PISY,6,0
DF,4,M,O,BA,ND,PISY,7,0
DF,4,M,O,BA,ND,PISY,8,0
DF,4,M,O,BA,ND,PISY,9,0
DF,4,M,O,BA,ND,PISY,10,0
DF,4,M,O,AA,PY,RHGL,1,1
DF,4,M,O,AA,PY,RHGL,2,1
DF,4,M,O,AA,PY,RHGL,3,0
DF,4,M,O,AA,PY,RHGL,4,0
DF,4,M,O,AA,PY,RHGL,5,0
DF,4,M,O,AA,PD,SYRIN,1,1
DF,4,M,O,AA,PD,SYRIN,2,0
DF,4,M,O,AA,PD,SYRIN,3,0
DF,4,M,O,AA,ND,PISY,1,1
DF,4,M,O,AA,ND,PISY,2,
DF,4,M,O,AA,ND,PISY,3,0
DF,4,M,O,AA,ND,PISY,4,0
DF,4,M,O,AA,ND,PISY,5,0
DF,4,M,O,AA,ND,PISY,6,0
DF,4,M,O,AA,ND,PISY,7,0
DF,4,M,O,AA,ND,PISY,8,0
DF,4,M,O,AA,ND,PISY,9,0
DF,4,M,O,AA,ND,PISY,10,0
DF,4,M,O,AT,PY,RHGL,1,0
DF,4,M,O,AT,PY,RHGL,2,0
DF,4,M,O,AT,PY,RHGL,3,0
DF,4,M,O,AT,PY,RHGL,4,0
DF,4,M,O,AT,PY,RHGL,5,0
DF,4,M,O,AT,PD,SYRIN,1,0
DF,4,M,O,AT,PD,SYRIN,2,0
DF,4,M,O,AT,PD,SYRIN,3,0
DF,4,M,O,AT,ND,PISY,1,0
DF,4,M,O,AT,ND,PISY,2,0
DF,4,M,O,AT,ND,PISY,3,0
DF,4,M,O,AT,ND,PISY,4,0
DF,4,M,O,AT,ND,PISY,5,0
DF,4,M,O,AT,ND,PISY,6,0
DF,4,M,O,AT,ND,PISY,7,0
DF,4,M,O,AT,ND,PISY,8,0
DF,4,M,O,AT,ND,PISY,9,0
DF,4,M,O,AT,ND,PISY,10,0
DF,5,C,H,BU,PY,RHGL,1,0
DF,5,C,H,BU,PY,RHGL,2,0
DF,5,C,H,BU,PY,RHGL,3,0
DF,5,C,H,BU,PY,RHGL,4,0
DF,5,C,H,BU,PY,RHGL,5,0
DF,5,C,H,BU,PD,SYRIN,1,0
DF,5,C,H,BU,PD,SYRIN,2,0
DF,5,C,H,BU,PD,SYRIN,3,0
DF,5,C,H,BU,ND,PISY,1,0
DF,5,C,H,BU,ND,PISY,2,0
DF,5,C,H,BU,ND,PISY,3,0
DF,5,C,H,BU,ND,PISY,4,0
DF,5,C,H,BU,ND,PISY,5,0
DF,5,C,H,BU,ND,PISY,6,0
DF,5,C,H,BU,ND,PISY,7,0
DF,5,C,H,BU,ND,PISY,8,0
DF,5,C,H,BU,ND,PISY,9,0
DF,5,C,H,BU,ND,PISY,10,0
DF,5,C,H,BA,PY,RHGL,1,0
DF,5,C,H,BA,PY,RHGL,2,0
DF,5,C,H,BA,PY,RHGL,3,0
DF,5,C,H,BA,PY,RHGL,4,0
DF,5,C,H,BA,PY,RHGL,5,0
DF,5,C,H,BA,PD,SYRIN,1,0
DF,5,C,H,BA,PD,SYRIN,2,0
DF,5,C,H,BA,PD,SYRIN,3,0
DF,5,C,H,BA,ND,PISY,1,1
DF,5,C,H,BA,ND,PISY,2,1
DF,5,C,H,BA,ND,PISY,3,0
DF,5,C,H,BA,ND,PISY,4,0
DF,5,C,H,BA,ND,PISY,5,0
DF,5,C,H,BA,ND,PISY,6,0
DF,5,C,H,BA,ND,PISY,7,0
DF,5,C,H,BA,ND,PISY,8,0
DF,5,C,H,BA,ND,PISY,9,0
DF,5,C,H,BA,ND,PISY,10,0
DF,5,C,H,AA,PY,RHGL,1,1
DF,5,C,H,AA,PY,RHGL,2,0
DF,5,C,H,AA,PY,RHGL,3,1
DF,5,C,H,AA,PY,RHGL,4,0
DF,5,C,H,AA,PY,RHGL,5,0
DF,5,C,H,AA,PD,SYRIN,1,1
DF,5,C,H,AA,PD,SYRIN,2,0
DF,5,C,H,AA,PD,SYRIN,3,0
DF,5,C,H,AA,ND,PISY,1,0
DF,5,C,H,AA,ND,PISY,2,0
DF,5,C,H,AA,ND,PISY,3,0
DF,5,C,H,AA,ND,PISY,4,0
DF,5,C,H,AA,ND,PISY,5,0
DF,5,C,H,AA,ND,PISY,6,0
DF,5,C,H,AA,ND,PISY,7,0
DF,5,C,H,AA,ND,PISY,8,0
DF,5,C,H,AA,ND,PISY,9,0
DF,5,C,H,AA,ND,PISY,10,0
DF,5,C,H,AT,PY,RHGL,1,1
DF,5,C,H,AT,PY,RHGL,2,1
DF,5,C,H,AT,PY,RHGL,3,0
DF,5,C,H,AT,PY,RHGL,4,0
DF,5,C,H,AT,PY,RHGL,5,0
DF,5,C,H,AT,PD,SYRIN,1,0
DF,5,C,H,AT,PD,SYRIN,2,0
DF,5,C,H,AT,PD,SYRIN,3,0
DF,5,C,H,AT,ND,PISY,1,0
DF,5,C,H,AT,ND,PISY,2,0
DF,5,C,H,AT,ND,PISY,3,0
DF,5,C,H,AT,ND,PISY,4,0
DF,5,C,H,AT,ND,PISY,5,0
DF,5,C,H,AT,ND,PISY,6,0
DF,5,C,H,AT,ND,PISY,7,0
DF,5,C,H,AT,ND,PISY,8,0
DF,5,C,H,AT,ND,PISY,9,0
DF,5,C,H,AT,ND,PISY,10,0
DF,6,C,O,BU,PY,RHGL,1,1
DF,6,C,O,BU,PY,RHGL,2,0
DF,6,C,O,BU,PY,RHGL,3,0
DF,6,C,O,BU,PY,RHGL,4,0
DF,6,C,O,BU,PY,RHGL,5,0
DF,6,C,O,BU,PD,SYRIN,1,0
DF,6,C,O,BU,PD,SYRIN,2,0
DF,6,C,O,BU,PD,SYRIN,3,0
DF,6,C,O,BU,ND,PISY,1,0
DF,6,C,O,BU,ND,PISY,2,0
DF,6,C,O,BU,ND,PISY,3,0
DF,6,C,O,BU,ND,PISY,4,0
DF,6,C,O,BU,ND,PISY,5,0
DF,6,C,O,BU,ND,PISY,6,0
DF,6,C,O,BU,ND,PISY,7,0
DF,6,C,O,BU,ND,PISY,8,0
DF,6,C,O,BU,ND,PISY,9,0
DF,6,C,O,BU,ND,PISY,10,0
DF,6,C,O,BA,PY,RHGL,1,NA
DF,6,C,O,BA,PY,RHGL,2,NA
DF,6,C,O,BA,PY,RHGL,3,NA
DF,6,C,O,BA,PY,RHGL,4,NA
DF,6,C,O,BA,PY,RHGL,5,0
DF,6,C,O,BA,PD,SYRIN,1,0
DF,6,C,O,BA,PD,SYRIN,2,1
DF,6,C,O,BA,PD,SYRIN,3,0
DF,6,C,O,BA,ND,PISY,1,1
DF,6,C,O,BA,ND,PISY,2,1
DF,6,C,O,BA,ND,PISY,3,1
DF,6,C,O,BA,ND,PISY,4,1
DF,6,C,O,BA,ND,PISY,5,0
DF,6,C,O,BA,ND,PISY,6,0
DF,6,C,O,BA,ND,PISY,7,0
DF,6,C,O,BA,ND,PISY,8,0
DF,6,C,O,BA,ND,PISY,9,0
DF,6,C,O,BA,ND,PISY,10,0
DF,6,C,O,AA,PY,RHGL,1,NA
DF,6,C,O,AA,PY,RHGL,2,NA
DF,6,C,O,AA,PY,RHGL,3,0
DF,6,C,O,AA,PY,RHGL,4,0
DF,6,C,O,AA,PY,RHGL,5,0
DF,6,C,O,AA,PD,SYRIN,1,1
DF,6,C,O,AA,PD,SYRIN,2,0
DF,6,C,O,AA,PD,SYRIN,3,0
DF,6,C,O,AA,ND,PISY,1,0
DF,6,C,O,AA,ND,PISY,2,0
DF,6,C,O,AA,ND,PISY,3,1
DF,6,C,O,AA,ND,PISY,4,1
DF,6,C,O,AA,ND,PISY,5,0
DF,6,C,O,AA,ND,PISY,6,0
DF,6,C,O,AA,ND,PISY,7,0
DF,6,C,O,AA,ND,PISY,8,0
DF,6,C,O,AA,ND,PISY,9,0
DF,6,C,O,AA,ND,PISY,10,0
DF,6,C,O,AT,PY,RHGL,1,0
DF,6,C,O,AT,PY,RHGL,2,0
DF,6,C,O,AT,PY,RHGL,3,0
DF,6,C,O,AT,PY,RHGL,4,0
DF,6,C,O,AT,PY,RHGL,5,NA
DF,6,C,O,AT,PD,SYRIN,1,1
DF,6,C,O,AT,PD,SYRIN,2,1
DF,6,C,O,AT,PD,SYRIN,3,0
DF,6,C,O,AT,ND,PISY,1,1
DF,6,C,O,AT,ND,PISY,2,0
DF,6,C,O,AT,ND,PISY,3,0
DF,6,C,O,AT,ND,PISY,4,0
DF,6,C,O,AT,ND,PISY,5,0
DF,6,C,O,AT,ND,PISY,6,0
DF,6,C,O,AT,ND,PISY,7,0
DF,6,C,O,AT,ND,PISY,8,0
DF,6,C,O,AT,ND,PISY,9,0
DF,6,C,O,AT,ND,PISY,10,0
DF,REF,,,A,PY,RHGL,1,0
DF,REF,,,A,PY,RHGL,2,0
DF,REF,,,A,PY,RHGL,3,0
DF,REF,,,A,PY,RHGL,4,0
DF,REF,,,A,PY,RHGL,5,0
DF,REF,,,A,PD,SYRIN,1,1
DF,REF,,,A,PD,SYRIN,2,0
DF,REF,,,A,PD,SYRIN,3,0
DF,REF,,,A,ND,PISY,1,0
DF,REF,,,A,ND,PISY,2,0
DF,REF,,,A,ND,PISY,3,0
DF,REF,,,A,ND,PISY,4,0
DF,REF,,,A,ND,PISY,5,0
DF,REF,,,A,ND,PISY,6,0
DF,REF,,,A,ND,PISY,7,0
DF,REF,,,A,ND,PISY,8,0
DF,REF,,,A,ND,PISY,9,0
DF,REF,,,A,ND,PISY,10,0
DF,REF,,,B,PY,RHGL,1,0
DF,REF,,,B,PY,RHGL,2,0
DF,REF,,,B,PY,RHGL,3,0
DF,REF,,,B,PY,RHGL,4,0
DF,REF,,,B,PY,RHGL,5,0
DF,REF,,,B,PD,SYRIN,1,NA
DF,REF,,,B,PD,SYRIN,2,NA
DF,REF,,,B,PD,SYRIN,3,NA
DF,REF,,,B,ND,PISY,1,0
DF,REF,,,B,ND,PISY,2,0
DF,REF,,,B,ND,PISY,3,0
DF,REF,,,B,ND,PISY,4,0
DF,REF,,,B,ND,PISY,5,0
DF,REF,,,B,ND,PISY,6,0
DF,REF,,,B,ND,PISY,7,0
DF,REF,,,B,ND,PISY,8,0
DF,REF,,,B,ND,PISY,9,0
DF,REF,,,B,ND,PISY,10,0
OS,1,C,S,BU,PY,GLMA4,1,0
OS,1,C,S,BU,PY,GLMA4,2,0
OS,1,C,S,BU,PY,GLMA4,3,0
OS,1,C,S,BU,PY,GLMA4,4,0
OS,1,C,S,BU,PY,GLMA4,5,0
OS,1,C,S,BU,PD,CAAN4,1,0
OS,1,C,S,BU,PD,CAAN4,2,0
OS,1,C,S,BU,PD,CAAN4,3,0
OS,1,C,S,BU,PD,CAAN4,4,0
OS,1,C,S,BU,PD,CAAN4,5,0
OS,1,C,S,BU,ND,PISA6,1,0
OS,1,C,S,BU,ND,PISA6,2,0
OS,1,C,S,BU,ND,PISA6,3,0
OS,1,C,S,BU,ND,PISA6,4,0
OS,1,C,S,BU,ND,PISA6,5,0
OS,1,C,S,BA,PY,GLMA4,1,0
OS,1,C,S,BA,PY,GLMA4,2,0
OS,1,C,S,BA,PY,GLMA4,3,0
OS,1,C,S,BA,PY,GLMA4,4,0
OS,1,C,S,BA,PY,GLMA4,5,0
OS,1,C,S,BA,PD,CAAN4,1,1
OS,1,C,S,BA,PD,CAAN4,2,1
OS,1,C,S,BA,PD,CAAN4,3,1
OS,1,C,S,BA,PD,CAAN4,4,0
OS,1,C,S,BA,PD,CAAN4,5,0
OS,1,C,S,BA,ND,PISA6,1,0
OS,1,C,S,BA,ND,PISA6,2,0
OS,1,C,S,BA,ND,PISA6,3,0
OS,1,C,S,BA,ND,PISA6,4,0
OS,1,C,S,BA,ND,PISA6,5,0
OS,1,C,S,AA,PY,GLMA4,1,0
OS,1,C,S,AA,PY,GLMA4,2,0
OS,1,C,S,AA,PY,GLMA4,3,1
OS,1,C,S,AA,PY,GLMA4,4,0
OS,1,C,S,AA,PY,GLMA4,5,0
OS,1,C,S,AA,PD,CAAN4,1,1
OS,1,C,S,AA,PD,CAAN4,2,1
OS,1,C,S,AA,PD,CAAN4,3,1
OS,1,C,S,AA,PD,CAAN4,4,0
OS,1,C,S,AA,PD,CAAN4,5,0
OS,1,C,S,AA,ND,PISA6,1,1
OS,1,C,S,AA,ND,PISA6,2,0
OS,1,C,S,AA,ND,PISA6,3,0
OS,1,C,S,AA,ND,PISA6,4,0
OS,1,C,S,AA,ND,PISA6,5,0
OS,1,C,S,AT,PY,GLMA4,1,0
OS,1,C,S,AT,PY,GLMA4,2,0
OS,1,C,S,AT,PY,GLMA4,3,0
OS,1,C,S,AT,PY,GLMA4,4,0
OS,1,C,S,AT,PY,GLMA4,5,0
OS,1,C,S,AT,PD,CAAN4,1,0
OS,1,C,S,AT,PD,CAAN4,2,0
OS,1,C,S,AT,PD,CAAN4,3,0
OS,1,C,S,AT,PD,CAAN4,4,0
OS,1,C,S,AT,PD,CAAN4,5,0
OS,1,C,S,AT,ND,PISA6,1,0
OS,1,C,S,AT,ND,PISA6,2,0
OS,1,C,S,AT,ND,PISA6,3,0
OS,1,C,S,AT,ND,PISA6,4,0
OS,1,C,S,AT,ND,PISA6,5,0
OS,2,C,H,BU,PY,GLMA4,1,1
OS,2,C,H,BU,PY,GLMA4,2,1
OS,2,C,H,BU,PY,GLMA4,3,1
OS,2,C,H,BU,PY,GLMA4,4,1
OS,2,C,H,BU,PY,GLMA4,5,0
OS,2,C,H,BU,PD,CAAN4,1,0
OS,2,C,H,BU,PD,CAAN4,2,0
OS,2,C,H,BU,PD,CAAN4,3,0
OS,2,C,H,BU,PD,CAAN4,4,0
OS,2,C,H,BU,PD,CAAN4,5,0
OS,2,C,H,BU,ND,PISA6,1,1
OS,2,C,H,BU,ND,PISA6,2,1
OS,2,C,H,BU,ND,PISA6,3,1
OS,2,C,H,BU,ND,PISA6,4,1
OS,2,C,H,BU,ND,PISA6,5,0
OS,2,C,H,BA,PY,GLMA4,1,1
OS,2,C,H,BA,PY,GLMA4,2,1
OS,2,C,H,BA,PY,GLMA4,3,1
OS,2,C,H,BA,PY,GLMA4,4,1
OS,2,C,H,BA,PY,GLMA4,5,1
OS,2,C,H,BA,PD,CAAN4,1,0
OS,2,C,H,BA,PD,CAAN4,2,0
OS,2,C,H,BA,PD,CAAN4,3,0
OS,2,C,H,BA,PD,CAAN4,4,0
OS,2,C,H,BA,PD,CAAN4,5,0
OS,2,C,H,BA,ND,PISA6,1,1
OS,2,C,H,BA,ND,PISA6,2,1
OS,2,C,H,BA,ND,PISA6,3,1
OS,2,C,H,BA,ND,PISA6,4,1
OS,2,C,H,BA,ND,PISA6,5,0
OS,2,C,H,AA,PY,GLMA4,1,1
OS,2,C,H,AA,PY,GLMA4,2,0
OS,2,C,H,AA,PY,GLMA4,3,0
OS,2,C,H,AA,PY,GLMA4,4,0
OS,2,C,H,AA,PY,GLMA4,5,0
OS,2,C,H,AA,PD,CAAN4,1,1
OS,2,C,H,AA,PD,CAAN4,2,1
OS,2,C,H,AA,PD,CAAN4,3,1
OS,2,C,H,AA,PD,CAAN4,4,0
OS,2,C,H,AA,PD,CAAN4,5,0
OS,2,C,H,AA,ND,PISA6,1,1
OS,2,C,H,AA,ND,PISA6,2,0
OS,2,C,H,AA,ND,PISA6,3,0
OS,2,C,H,AA,ND,PISA6,4,0
OS,2,C,H,AA,ND,PISA6,5,0
OS,2,C,H,AT,PY,GLMA4,1,0
OS,2,C,H,AT,PY,GLMA4,2,0
OS,2,C,H,AT,PY,GLMA4,3,0
OS,2,C,H,AT,PY,GLMA4,4,0
OS,2,C,H,AT,PY,GLMA4,5,0
OS,2,C,H,AT,PD,CAAN4,1,1
OS,2,C,H,AT,PD,CAAN4,2,1
OS,2,C,H,AT,PD,CAAN4,3,0
OS,2,C,H,AT,PD,CAAN4,4,0
OS,2,C,H,AT,PD,CAAN4,5,0
OS,2,C,H,AT,ND,PISA6,1,1
OS,2,C,H,AT,ND,PISA6,2,0
OS,2,C,H,AT,ND,PISA6,3,0
OS,2,C,H,AT,ND,PISA6,4,0
OS,2,C,H,AT,ND,PISA6,5,0
OS,3,M,S,BU,PY,GLMA4,1,0
OS,3,M,S,BU,PY,GLMA4,2,0
OS,3,M,S,BU,PY,GLMA4,3,0
OS,3,M,S,BU,PY,GLMA4,4,0
OS,3,M,S,BU,PY,GLMA4,5,0
OS,3,M,S,BU,PD,CAAN4,1,1
OS,3,M,S,BU,PD,CAAN4,2,1
OS,3,M,S,BU,PD,CAAN4,3,1
OS,3,M,S,BU,PD,CAAN4,4,1
OS,3,M,S,BU,PD,CAAN4,5,1
OS,3,M,S,BU,ND,PISA6,1,0
OS,3,M,S,BU,ND,PISA6,2,0
OS,3,M,S,BU,ND,PISA6,3,0
OS,3,M,S,BU,ND,PISA6,4,0
OS,3,M,S,BU,ND,PISA6,5,0
OS,3,M,S,BA,PY,GLMA4,1,0
OS,3,M,S,BA,PY,GLMA4,2,0
OS,3,M,S,BA,PY,GLMA4,3,0
OS,3,M,S,BA,PY,GLMA4,4,0
OS,3,M,S,BA,PY,GLMA4,5,0
OS,3,M,S,BA,PD,CAAN4,1,0
OS,3,M,S,BA,PD,CAAN4,2,0
OS,3,M,S,BA,PD,CAAN4,3,0
OS,3,M,S,BA,PD,CAAN4,4,0
OS,3,M,S,BA,PD,CAAN4,5,0
OS,3,M,S,BA,ND,PISA6,1,1
OS,3,M,S,BA,ND,PISA6,2,1
OS,3,M,S,BA,ND,PISA6,3,1
OS,3,M,S,BA,ND,PISA6,4,1
OS,3,M,S,BA,ND,PISA6,5,0
OS,3,M,S,AA,PY,GLMA4,1,0
OS,3,M,S,AA,PY,GLMA4,2,0
OS,3,M,S,AA,PY,GLMA4,3,0
OS,3,M,S,AA,PY,GLMA4,4,0
OS,3,M,S,AA,PY,GLMA4,5,0
OS,3,M,S,AA,PD,CAAN4,1,1
OS,3,M,S,AA,PD,CAAN4,2,1
OS,3,M,S,AA,PD,CAAN4,3,1
OS,3,M,S,AA,PD,CAAN4,4,0
OS,3,M,S,AA,PD,CAAN4,5,0
OS,3,M,S,AA,ND,PISA6,1,0
OS,3,M,S,AA,ND,PISA6,2,0
OS,3,M,S,AA,ND,PISA6,3,0
OS,3,M,S,AA,ND,PISA6,4,0
OS,3,M,S,AA,ND,PISA6,5,0
OS,3,M,S,AT,PY,GLMA4,1,0
OS,3,M,S,AT,PY,GLMA4,2,0
OS,3,M,S,AT,PY,GLMA4,3,0
OS,3,M,S,AT,PY,GLMA4,4,0
OS,3,M,S,AT,PY,GLMA4,5,0
OS,3,M,S,AT,PD,CAAN4,1,0
OS,3,M,S,AT,PD,CAAN4,2,0
OS,3,M,S,AT,PD,CAAN4,3,0
OS,3,M,S,AT,PD,CAAN4,4,0
OS,3,M,S,AT,PD,CAAN4,5,0
OS,3,M,S,AT,ND,PISA6,1,0
OS,3,M,S,AT,ND,PISA6,2,0
OS,3,M,S,AT,ND,PISA6,3,0
OS,3,M,S,AT,ND,PISA6,4,0
OS,3,M,S,AT,ND,PISA6,5,0
OS,4,C,O,BU,PY,GLMA4,1,0
OS,4,C,O,BU,PY,GLMA4,2,0
OS,4,C,O,BU,PY,GLMA4,3,0
OS,4,C,O,BU,PY,GLMA4,4,0
OS,4,C,O,BU,PY,GLMA4,5,0
OS,4,C,O,BU,PD,CAAN4,1,0
OS,4,C,O,BU,PD,CAAN4,2,0
OS,4,C,O,BU,PD,CAAN4,3,0
OS,4,C,O,BU,PD,CAAN4,4,0
OS,4,C,O,BU,PD,CAAN4,5,0
OS,4,C,O,BU,ND,PISA6,1,0
OS,4,C,O,BU,ND,PISA6,2,0
OS,4,C,O,BU,ND,PISA6,3,0
OS,4,C,O,BU,ND,PISA6,4,0
OS,4,C,O,BU,ND,PISA6,5,0
OS,4,C,O,BA,PY,GLMA4,1,1
OS,4,C,O,BA,PY,GLMA4,2,1
OS,4,C,O,BA,PY,GLMA4,3,1
OS,4,C,O,BA,PY,GLMA4,4,1
OS,4,C,O,BA,PY,GLMA4,5,0
OS,4,C,O,BA,PD,CAAN4,1,1
OS,4,C,O,BA,PD,CAAN4,2,1
OS,4,C,O,BA,PD,CAAN4,3,0
OS,4,C,O,BA,PD,CAAN4,4,0
OS,4,C,O,BA,PD,CAAN4,5,0
OS,4,C,O,BA,ND,PISA6,1,1
OS,4,C,O,BA,ND,PISA6,2,1
OS,4,C,O,BA,ND,PISA6,3,1
OS,4,C,O,BA,ND,PISA6,4,1
OS,4,C,O,BA,ND,PISA6,5,0
OS,4,C,O,AA,PY,GLMA4,1,1
OS,4,C,O,AA,PY,GLMA4,2,1
OS,4,C,O,AA,PY,GLMA4,3,1
OS,4,C,O,AA,PY,GLMA4,4,0
OS,4,C,O,AA,PY,GLMA4,5,0
OS,4,C,O,AA,PD,CAAN4,1,1
OS,4,C,O,AA,PD,CAAN4,2,1
OS,4,C,O,AA,PD,CAAN4,3,0
OS,4,C,O,AA,PD,CAAN4,4,0
OS,4,C,O,AA,PD,CAAN4,5,0
OS,4,C,O,AA,ND,PISA6,1,1
OS,4,C,O,AA,ND,PISA6,2,1
OS,4,C,O,AA,ND,PISA6,3,1
OS,4,C,O,AA,ND,PISA6,4,1
OS,4,C,O,AA,ND,PISA6,5,0
OS,4,C,O,AT,PY,GLMA4,1,0
OS,4,C,O,AT,PY,GLMA4,2,0
OS,4,C,O,AT,PY,GLMA4,3,0
OS,4,C,O,AT,PY,GLMA4,4,0
OS,4,C,O,AT,PY,GLMA4,5,0
OS,4,C,O,AT,PD,CAAN4,1,0
OS,4,C,O,AT,PD,CAAN4,2,0
OS,4,C,O,AT,PD,CAAN4,3,0
OS,4,C,O,AT,PD,CAAN4,4,0
OS,4,C,O,AT,PD,CAAN4,5,0
OS,4,C,O,AT,ND,PISA6,1,0
OS,4,C,O,AT,ND,PISA6,2,0
OS,4,C,O,AT,ND,PISA6,3,0
OS,4,C,O,AT,ND,PISA6,4,0
OS,4,C,O,AT,ND,PISA6,5,0
OS,5,M,O,BU,PY,GLMA4,1,0
OS,5,M,O,BU,PY,GLMA4,2,0
OS,5,M,O,BU,PY,GLMA4,3,0
OS,5,M,O,BU,PY,GLMA4,4,0
OS,5,M,O,BU,PY,GLMA4,5,0
OS,5,M,O,BU,PD,CAAN4,1,0
OS,5,M,O,BU,PD,CAAN4,2,0
OS,5,M,O,BU,PD,CAAN4,3,0
OS,5,M,O,BU,PD,CAAN4,4,0
OS,5,M,O,BU,PD,CAAN4,5,0
OS,5,M,O,BU,ND,PISA6,1,0
OS,5,M,O,BU,ND,PISA6,2,0
OS,5,M,O,BU,ND,PISA6,3,0
OS,5,M,O,BU,ND,PISA6,4,0
OS,5,M,O,BU,ND,PISA6,5,0
OS,5,M,O,BA,PY,GLMA4,1,1
OS,5,M,O,BA,PY,GLMA4,2,1
OS,5,M,O,BA,PY,GLMA4,3,1
OS,5,M,O,BA,PY,GLMA4,4,1
OS,5,M,O,BA,PY,GLMA4,5,1
OS,5,M,O,BA,PD,CAAN4,1,0
OS,5,M,O,BA,PD,CAAN4,2,0
OS,5,M,O,BA,PD,CAAN4,3,0
OS,5,M,O,BA,PD,CAAN4,4,0
OS,5,M,O,BA,PD,CAAN4,5,0
OS,5,M,O,BA,ND,PISA6,1,1
OS,5,M,O,BA,ND,PISA6,2,1
OS,5,M,O,BA,ND,PISA6,3,1
OS,5,M,O,BA,ND,PISA6,4,0
OS,5,M,O,BA,ND,PISA6,5,0
OS,5,M,O,AA,PY,GLMA4,1,0
OS,5,M,O,AA,PY,GLMA4,2,0
OS,5,M,O,AA,PY,GLMA4,3,0
OS,5,M,O,AA,PY,GLMA4,4,0
OS,5,M,O,AA,PY,GLMA4,5,0
OS,5,M,O,AA,PD,CAAN4,1,1
OS,5,M,O,AA,PD,CAAN4,2,1
OS,5,M,O,AA,PD,CAAN4,3,1
OS,5,M,O,AA,PD,CAAN4,4,1
OS,5,M,O,AA,PD,CAAN4,5,0
OS,5,M,O,AA,ND,PISA6,1,0
OS,5,M,O,AA,ND,PISA6,2,0
OS,5,M,O,AA,ND,PISA6,3,0
OS,5,M,O,AA,ND,PISA6,4,0
OS,5,M,O,AA,ND,PISA6,5,0
OS,5,M,O,AT,PY,GLMA4,1,0
OS,5,M,O,AT,PY,GLMA4,2,0
OS,5,M,O,AT,PY,GLMA4,3,0
OS,5,M,O,AT,PY,GLMA4,4,0
OS,5,M,O,AT,PY,GLMA4,5,0
OS,5,M,O,AT,PD,CAAN4,1,0
OS,5,M,O,AT,PD,CAAN4,2,0
OS,5,M,O,AT,PD,CAAN4,3,0
OS,5,M,O,AT,PD,CAAN4,4,0
OS,5,M,O,AT,PD,CAAN4,5,0
OS,5,M,O,AT,ND,PISA6,1,0
OS,5,M,O,AT,ND,PISA6,2,0
OS,5,M,O,AT,ND,PISA6,3,0
OS,5,M,O,AT,ND,PISA6,4,0
OS,5,M,O,AT,ND,PISA6,5,0
OS,6,M,H,BU,PY,GLMA4,1,0
OS,6,M,H,BU,PY,GLMA4,2,0
OS,6,M,H,BU,PY,GLMA4,3,0
OS,6,M,H,BU,PY,GLMA4,4,0
OS,6,M,H,BU,PY,GLMA4,5,0
OS,6,M,H,BU,PD,CAAN4,1,0
OS,6,M,H,BU,PD,CAAN4,2,0
OS,6,M,H,BU,PD,CAAN4,3,0
OS,6,M,H,BU,PD,CAAN4,4,0
OS,6,M,H,BU,PD,CAAN4,5,0
OS,6,M,H,BU,ND,PISA6,1,0
OS,6,M,H,BU,ND,PISA6,2,0
OS,6,M,H,BU,ND,PISA6,3,0
OS,6,M,H,BU,ND,PISA6,4,0
OS,6,M,H,BU,ND,PISA6,5,0
OS,6,M,H,BA,PY,GLMA4,1,1
OS,6,M,H,BA,PY,GLMA4,2,1
OS,6,M,H,BA,PY,GLMA4,3,1
OS,6,M,H,BA,PY,GLMA4,4,1
OS,6,M,H,BA,PY,GLMA4,5,0
OS,6,M,H,BA,PD,CAAN4,1,1
OS,6,M,H,BA,PD,CAAN4,2,0
OS,6,M,H,BA,PD,CAAN4,3,0
OS,6,M,H,BA,PD,CAAN4,4,0
OS,6,M,H,BA,PD,CAAN4,5,0
OS,6,M,H,BA,ND,PISA6,1,1
OS,6,M,H,BA,ND,PISA6,2,1
OS,6,M,H,BA,ND,PISA6,3,1
OS,6,M,H,BA,ND,PISA6,4,1
OS,6,M,H,BA,ND,PISA6,5,0
OS,6,M,H,AA,PY,GLMA4,1,1
OS,6,M,H,AA,PY,GLMA4,2,0
OS,6,M,H,AA,PY,GLMA4,3,1
OS,6,M,H,AA,PY,GLMA4,4,0
OS,6,M,H,AA,PY,GLMA4,5,0
OS,6,M,H,AA,PD,CAAN4,1,0
OS,6,M,H,AA,PD,CAAN4,2,0
OS,6,M,H,AA,PD,CAAN4,3,0
OS,6,M,H,AA,PD,CAAN4,4,0
OS,6,M,H,AA,PD,CAAN4,5,0
OS,6,M,H,AA,ND,PISA6,1,1
OS,6,M,H,AA,ND,PISA6,2,1
OS,6,M,H,AA,ND,PISA6,3,1
OS,6,M,H,AA,ND,PISA6,4,0
OS,6,M,H,AA,ND,PISA6,5,0
OS,6,M,H,AT,PY,GLMA4,1,0
OS,6,M,H,AT,PY,GLMA4,2,0
OS,6,M,H,AT,PY,GLMA4,3,0
OS,6,M,H,AT,PY,GLMA4,4,0
OS,6,M,H,AT,PY,GLMA4,5,0
OS,6,M,H,AT,PD,CAAN4,1,0
OS,6,M,H,AT,PD,CAAN4,2,0
OS,6,M,H,AT,PD,CAAN4,3,0
OS,6,M,H,AT,PD,CAAN4,4,0
OS,6,M,H,AT,PD,CAAN4,5,0
OS,6,M,H,AT,ND,PISA6,1,0
OS,6,M,H,AT,ND,PISA6,2,0
OS,6,M,H,AT,ND,PISA6,3,0
OS,6,M,H,AT,ND,PISA6,4,0
OS,6,M,H,AT,ND,PISA6,5,0
OS,REF,,,A,PY,GLMA4,1,0
OS,REF,,,A,PY,GLMA4,2,0
OS,REF,,,A,PY,GLMA4,3,0
OS,REF,,,A,PY,GLMA4,4,0
OS,REF,,,A,PY,GLMA4,5,0
OS,REF,,,A,PD,CAAN4,1,1
OS,REF,,,A,PD,CAAN4,2,1
OS,REF,,,A,PD,CAAN4,3,1
OS,REF,,,A,PD,CAAN4,4,1
OS,REF,,,A,PD,CAAN4,5,0
OS,REF,,,A,ND,PISA6,1,1
OS,REF,,,A,ND,PISA6,2,1
OS,REF,,,A,ND,PISA6,3,1
OS,REF,,,A,ND,PISA6,4,1
OS,REF,,,A,ND,PISA6,5,1
OS,REF,,,B,PY,GLMA4,1,1
OS,REF,,,B,PY,GLMA4,2,1
OS,REF,,,B,PY,GLMA4,3,1
OS,REF,,,B,PY,GLMA4,4,0
OS,REF,,,B,PY,GLMA4,5,0
OS,REF,,,B,PD,CAAN4,1,1
OS,REF,,,B,PD,CAAN4,2,0
OS,REF,,,B,PD,CAAN4,3,0
OS,REF,,,B,PD,CAAN4,4,0
OS,REF,,,B,PD,CAAN4,5,0
OS,REF,,,B,ND,PISA6,1,1
OS,REF,,,B,ND,PISA6,2,1
OS,REF,,,B,ND,PISA6,3,1
OS,REF,,,B,ND,PISA6,4,1
OS,REF,,,B,ND,PISA6,5,0
GG,1,C,O,BU,PY,BIOR,1,1
GG,1,C,O,BU,PY,BIOR,2,0
GG,1,C,O,BU,PY,BIOR,3,0
GG,1,C,O,BU,PY,BIOR,4,0
GG,1,C,O,BU,PY,BIOR,5,0
GG,1,C,O,BU,PY,BIOR,6,0
GG,1,C,O,BU,PY,BIOR,7,0
GG,1,C,O,BU,PY,BIOR,8,0
GG,1,C,O,BU,PY,BIOR,9,0
GG,1,C,O,BU,PY,BIOR,10,0
GG,1,C,O,BU,PD,HOVU,1,0
GG,1,C,O,BU,PD,HOVU,2,0
GG,1,C,O,BU,PD,HOVU,3,0
GG,1,C,O,BU,PD,HOVU,4,0
GG,1,C,O,BU,PD,HOVU,5,0
GG,1,C,O,BU,ND,BEVU2,1,1
GG,1,C,O,BU,ND,BEVU2,2,1
GG,1,C,O,BU,ND,BEVU2,3,1
GG,1,C,O,BU,ND,BEVU2,4,0
GG,1,C,O,BU,ND,BEVU2,5,0
GG,1,C,O,BU,ND,BEVU2,6,0
GG,1,C,O,BU,ND,BEVU2,7,0
GG,1,C,O,BU,ND,BEVU2,8,0
GG,1,C,O,BU,ND,BEVU2,9,0
GG,1,C,O,BU,ND,BEVU2,10,0
GG,1,C,O,BA,PY,BIOR,1,0
GG,1,C,O,BA,PY,BIOR,2,0
GG,1,C,O,BA,PY,BIOR,3,0
GG,1,C,O,BA,PY,BIOR,4,0
GG,1,C,O,BA,PY,BIOR,5,0
GG,1,C,O,BA,PY,BIOR,6,0
GG,1,C,O,BA,PY,BIOR,7,0
GG,1,C,O,BA,PY,BIOR,8,0
GG,1,C,O,BA,PY,BIOR,9,0
GG,1,C,O,BA,PY,BIOR,10,0
GG,1,C,O,BA,PD,HOVU,1,1
GG,1,C,O,BA,PD,HOVU,2,1
GG,1,C,O,BA,PD,HOVU,3,1
GG,1,C,O,BA,PD,HOVU,4,1
GG,1,C,O,BA,PD,HOVU,5,0
GG,1,C,O,BA,ND,BEVU2,1,1
GG,1,C,O,BA,ND,BEVU2,2,0
GG,1,C,O,BA,ND,BEVU2,3,1
GG,1,C,O,BA,ND,BEVU2,4,1
GG,1,C,O,BA,ND,BEVU2,5,1
GG,1,C,O,BA,ND,BEVU2,6,0
GG,1,C,O,BA,ND,BEVU2,7,0
GG,1,C,O,BA,ND,BEVU2,8,0
GG,1,C,O,BA,ND,BEVU2,9,0
GG,1,C,O,BA,ND,BEVU2,10,0
GG,1,C,O,AA,PY,BIOR,1,0
GG,1,C,O,AA,PY,BIOR,2,0
GG,1,C,O,AA,PY,BIOR,3,0
GG,1,C,O,AA,PY,BIOR,4,0
GG,1,C,O,AA,PY,BIOR,5,0
GG,1,C,O,AA,PY,BIOR,6,0
GG,1,C,O,AA,PY,BIOR,7,0
GG,1,C,O,AA,PY,BIOR,8,0
GG,1,C,O,AA,PY,BIOR,9,0
GG,1,C,O,AA,PY,BIOR,10,0
GG,1,C,O,AA,PD,HOVU,1,0
GG,1,C,O,AA,PD,HOVU,2,0
GG,1,C,O,AA,PD,HOVU,3,0
GG,1,C,O,AA,PD,HOVU,4,0
GG,1,C,O,AA,PD,HOVU,5,0
GG,1,C,O,AA,ND,BEVU2,1,1
GG,1,C,O,AA,ND,BEVU2,2,1
GG,1,C,O,AA,ND,BEVU2,3,1
GG,1,C,O,AA,ND,BEVU2,4,1
GG,1,C,O,AA,ND,BEVU2,5,1
GG,1,C,O,AA,ND,BEVU2,6,1
GG,1,C,O,AA,ND,BEVU2,7,1
GG,1,C,O,AA,ND,BEVU2,8,0
GG,1,C,O,AA,ND,BEVU2,9,0
GG,1,C,O,AA,ND,BEVU2,10,0
GG,1,C,O,AT,PY,BIOR,1,0
GG,1,C,O,AT,PY,BIOR,2,0
GG,1,C,O,AT,PY,BIOR,3,0
GG,1,C,O,AT,PY,BIOR,4,0
GG,1,C,O,AT,PY,BIOR,5,0
GG,1,C,O,AT,PY,BIOR,6,0
GG,1,C,O,AT,PY,BIOR,7,0
GG,1,C,O,AT,PY,BIOR,8,0
GG,1,C,O,AT,PY,BIOR,9,0
GG,1,C,O,AT,PY,BIOR,10,0
GG,1,C,O,AT,PD,HOVU,1,1
GG,1,C,O,AT,PD,HOVU,2,1
GG,1,C,O,AT,PD,HOVU,3,1
GG,1,C,O,AT,PD,HOVU,4,0
GG,1,C,O,AT,PD,HOVU,5,0
GG,1,C,O,AT,ND,BEVU2,1,1
GG,1,C,O,AT,ND,BEVU2,2,1
GG,1,C,O,AT,ND,BEVU2,3,1
GG,1,C,O,AT,ND,BEVU2,4,1
GG,1,C,O,AT,ND,BEVU2,5,1
GG,1,C,O,AT,ND,BEVU2,6,1
GG,1,C,O,AT,ND,BEVU2,7,1
GG,1,C,O,AT,ND,BEVU2,8,1
GG,1,C,O,AT,ND,BEVU2,9,1
GG,1,C,O,AT,ND,BEVU2,10,0
GG,2,C,H,BU,PY,BIOR,1,0
GG,2,C,H,BU,PY,BIOR,2,0
GG,2,C,H,BU,PY,BIOR,3,0
GG,2,C,H,BU,PY,BIOR,4,0
GG,2,C,H,BU,PY,BIOR,5,0
GG,2,C,H,BU,PY,BIOR,6,0
GG,2,C,H,BU,PY,BIOR,7,0
GG,2,C,H,BU,PY,BIOR,8,0
GG,2,C,H,BU,PY,BIOR,9,1
GG,2,C,H,BU,PY,BIOR,10,0
GG,2,C,H,BU,PD,HOVU,1,1
GG,2,C,H,BU,PD,HOVU,2,1
GG,2,C,H,BU,PD,HOVU,3,0
GG,2,C,H,BU,PD,HOVU,4,0
GG,2,C,H,BU,PD,HOVU,5,0
GG,2,C,H,BU,ND,BEVU2,1,0
GG,2,C,H,BU,ND,BEVU2,2,0
GG,2,C,H,BU,ND,BEVU2,3,0
GG,2,C,H,BU,ND,BEVU2,4,1
GG,2,C,H,BU,ND,BEVU2,5,0
GG,2,C,H,BU,ND,BEVU2,6,0
GG,2,C,H,BU,ND,BEVU2,7,0
GG,2,C,H,BU,ND,BEVU2,8,0
GG,2,C,H,BU,ND,BEVU2,9,0
GG,2,C,H,BU,ND,BEVU2,10,0
GG,2,C,H,BA,PY,BIOR,1,0
GG,2,C,H,BA,PY,BIOR,2,0
GG,2,C,H,BA,PY,BIOR,3,0
GG,2,C,H,BA,PY,BIOR,4,0
GG,2,C,H,BA,PY,BIOR,5,0
GG,2,C,H,BA,PY,BIOR,6,0
GG,2,C,H,BA,PY,BIOR,7,0
GG,2,C,H,BA,PY,BIOR,8,0
GG,2,C,H,BA,PY,BIOR,9,0
GG,2,C,H,BA,PY,BIOR,10,0
GG,2,C,H,BA,PD,HOVU,1,1
GG,2,C,H,BA,PD,HOVU,2,1
GG,2,C,H,BA,PD,HOVU,3,1
GG,2,C,H,BA,PD,HOVU,4,1
GG,2,C,H,BA,PD,HOVU,5,1
GG,2,C,H,BA,ND,BEVU2,1,1
GG,2,C,H,BA,ND,BEVU2,2,0
GG,2,C,H,BA,ND,BEVU2,3,0
GG,2,C,H,BA,ND,BEVU2,4,0
GG,2,C,H,BA,ND,BEVU2,5,0
GG,2,C,H,BA,ND,BEVU2,6,0
GG,2,C,H,BA,ND,BEVU2,7,0
GG,2,C,H,BA,ND,BEVU2,8,0
GG,2,C,H,BA,ND,BEVU2,9,0
GG,2,C,H,BA,ND,BEVU2,10,0
GG,2,C,H,AA,PY,BIOR,1,0
GG,2,C,H,AA,PY,BIOR,2,0
GG,2,C,H,AA,PY,BIOR,3,0
GG,2,C,H,AA,PY,BIOR,4,0
GG,2,C,H,AA,PY,BIOR,5,0
GG,2,C,H,AA,PY,BIOR,6,0
GG,2,C,H,AA,PY,BIOR,7,0
GG,2,C,H,AA,PY,BIOR,8,0
GG,2,C,H,AA,PY,BIOR,9,0
GG,2,C,H,AA,PY,BIOR,10,0
GG,2,C,H,AA,PD,HOVU,1,1
GG,2,C,H,AA,PD,HOVU,2,0
GG,2,C,H,AA,PD,HOVU,3,0
GG,2,C,H,AA,PD,HOVU,4,0
GG,2,C,H,AA,PD,HOVU,5,0
GG,2,C,H,AA,ND,BEVU2,1,1
GG,2,C,H,AA,ND,BEVU2,2,1
GG,2,C,H,AA,ND,BEVU2,3,0
GG,2,C,H,AA,ND,BEVU2,4,0
GG,2,C,H,AA,ND,BEVU2,5,0
GG,2,C,H,AA,ND,BEVU2,6,0
GG,2,C,H,AA,ND,BEVU2,7,0
GG,2,C,H,AA,ND,BEVU2,8,0
GG,2,C,H,AA,ND,BEVU2,9,0
GG,2,C,H,AA,ND,BEVU2,10,0
GG,2,C,H,AT,PY,BIOR,1,0
GG,2,C,H,AT,PY,BIOR,2,0
GG,2,C,H,AT,PY,BIOR,3,0
GG,2,C,H,AT,PY,BIOR,4,0
GG,2,C,H,AT,PY,BIOR,5,0
GG,2,C,H,AT,PY,BIOR,6,0
GG,2,C,H,AT,PY,BIOR,7,0
GG,2,C,H,AT,PY,BIOR,8,0
GG,2,C,H,AT,PY,BIOR,9,0
GG,2,C,H,AT,PY,BIOR,10,0
GG,2,C,H,AT,PD,HOVU,1,0
GG,2,C,H,AT,PD,HOVU,2,0
GG,2,C,H,AT,PD,HOVU,3,0
GG,2,C,H,AT,PD,HOVU,4,0
GG,2,C,H,AT,PD,HOVU,5,0
GG,2,C,H,AT,ND,BEVU2,1,0
GG,2,C,H,AT,ND,BEVU2,2,0
GG,2,C,H,AT,ND,BEVU2,3,0
GG,2,C,H,AT,ND,BEVU2,4,0
GG,2,C,H,AT,ND,BEVU2,5,0
GG,2,C,H,AT,ND,BEVU2,6,0
GG,2,C,H,AT,ND,BEVU2,7,0
GG,2,C,H,AT,ND,BEVU2,8,0
GG,2,C,H,AT,ND,BEVU2,9,0
GG,2,C,H,AT,ND,BEVU2,10,0
GG,3,C,S,BU,PY,BIOR,1,0
GG,3,C,S,BU,PY,BIOR,2,0
GG,3,C,S,BU,PY,BIOR,3,0
GG,3,C,S,BU,PY,BIOR,4,0
GG,3,C,S,BU,PY,BIOR,5,0
GG,3,C,S,BU,PY,BIOR,6,0
GG,3,C,S,BU,PY,BIOR,7,0
GG,3,C,S,BU,PY,BIOR,8,0
GG,3,C,S,BU,PY,BIOR,9,0
GG,3,C,S,BU,PY,BIOR,10,0
GG,3,C,S,BU,PD,HOVU,1,1
GG,3,C,S,BU,PD,HOVU,2,1
GG,3,C,S,BU,PD,HOVU,3,1
GG,3,C,S,BU,PD,HOVU,4,0
GG,3,C,S,BU,PD,HOVU,5,0
GG,3,C,S,BU,ND,BEVU2,1,0
GG,3,C,S,BU,ND,BEVU2,2,0
GG,3,C,S,BU,ND,BEVU2,3,0
GG,3,C,S,BU,ND,BEVU2,4,0
GG,3,C,S,BU,ND,BEVU2,5,0
GG,3,C,S,BU,ND,BEVU2,6,0
GG,3,C,S,BU,ND,BEVU2,7,0
GG,3,C,S,BU,ND,BEVU2,8,0
GG,3,C,S,BU,ND,BEVU2,9,0
GG,3,C,S,BU,ND,BEVU2,10,0
GG,3,C,S,BA,PY,BIOR,1,NA
GG,3,C,S,BA,PY,BIOR,2,1
GG,3,C,S,BA,PY,BIOR,3,1
GG,3,C,S,BA,PY,BIOR,4,0
GG,3,C,S,BA,PY,BIOR,5,0
GG,3,C,S,BA,PY,BIOR,6,0
GG,3,C,S,BA,PY,BIOR,7,0
GG,3,C,S,BA,PY,BIOR,8,0
GG,3,C,S,BA,PY,BIOR,9,0
GG,3,C,S,BA,PY,BIOR,10,0
GG,3,C,S,BA,PD,HOVU,1,1
GG,3,C,S,BA,PD,HOVU,2,0
GG,3,C,S,BA,PD,HOVU,3,0
GG,3,C,S,BA,PD,HOVU,4,0
GG,3,C,S,BA,PD,HOVU,5,0
GG,3,C,S,BA,ND,BEVU2,1,1
GG,3,C,S,BA,ND,BEVU2,2,0
GG,3,C,S,BA,ND,BEVU2,3,0
GG,3,C,S,BA,ND,BEVU2,4,0
GG,3,C,S,BA,ND,BEVU2,5,0
GG,3,C,S,BA,ND,BEVU2,6,0
GG,3,C,S,BA,ND,BEVU2,7,0
GG,3,C,S,BA,ND,BEVU2,8,0
GG,3,C,S,BA,ND,BEVU2,9,0
GG,3,C,S,BA,ND,BEVU2,10,0
GG,3,C,S,AA,PY,BIOR,1,0
GG,3,C,S,AA,PY,BIOR,2,0
GG,3,C,S,AA,PY,BIOR,3,0
GG,3,C,S,AA,PY,BIOR,4,0
GG,3,C,S,AA,PY,BIOR,5,0
GG,3,C,S,AA,PY,BIOR,6,0
GG,3,C,S,AA,PY,BIOR,7,0
GG,3,C,S,AA,PY,BIOR,8,0
GG,3,C,S,AA,PY,BIOR,9,0
GG,3,C,S,AA,PY,BIOR,10,0
GG,3,C,S,AA,PD,HOVU,1,1
GG,3,C,S,AA,PD,HOVU,2,1
GG,3,C,S,AA,PD,HOVU,3,0
GG,3,C,S,AA,PD,HOVU,4,0
GG,3,C,S,AA,PD,HOVU,5,0
GG,3,C,S,AA,ND,BEVU2,1,1
GG,3,C,S,AA,ND,BEVU2,2,0
GG,3,C,S,AA,ND,BEVU2,3,0
GG,3,C,S,AA,ND,BEVU2,4,0
GG,3,C,S,AA,ND,BEVU2,5,0
GG,3,C,S,AA,ND,BEVU2,6,0
GG,3,C,S,AA,ND,BEVU2,7,0
GG,3,C,S,AA,ND,BEVU2,8,0
GG,3,C,S,AA,ND,BEVU2,9,0
GG,3,C,S,AA,ND,BEVU2,10,0
GG,3,C,S,AT,PY,BIOR,1,1
GG,3,C,S,AT,PY,BIOR,2,0
GG,3,C,S,AT,PY,BIOR,3,0
GG,3,C,S,AT,PY,BIOR,4,0
GG,3,C,S,AT,PY,BIOR,5,0
GG,3,C,S,AT,PY,BIOR,6,0
GG,3,C,S,AT,PY,BIOR,7,0
GG,3,C,S,AT,PY,BIOR,8,0
GG,3,C,S,AT,PY,BIOR,9,0
GG,3,C,S,AT,PY,BIOR,10,0
GG,3,C,S,AT,PD,HOVU,1,0
GG,3,C,S,AT,PD,HOVU,2,0
GG,3,C,S,AT,PD,HOVU,3,0
GG,3,C,S,AT,PD,HOVU,4,0
GG,3,C,S,AT,PD,HOVU,5,0
GG,3,C,S,AT,ND,BEVU2,1,1
GG,3,C,S,AT,ND,BEVU2,2,0
GG,3,C,S,AT,ND,BEVU2,3,0
GG,3,C,S,AT,ND,BEVU2,4,0
GG,3,C,S,AT,ND,BEVU2,5,0
GG,3,C,S,AT,ND,BEVU2,6,0
GG,3,C,S,AT,ND,BEVU2,7,0
GG,3,C,S,AT,ND,BEVU2,8,0
GG,3,C,S,AT,ND,BEVU2,9,0
GG,3,C,S,AT,ND,BEVU2,10,0
GG,4,M,S,BU,PY,BIOR,1,1
GG,4,M,S,BU,PY,BIOR,2,1
GG,4,M,S,BU,PY,BIOR,3,1
GG,4,M,S,BU,PY,BIOR,4,0
GG,4,M,S,BU,PY,BIOR,5,0
GG,4,M,S,BU,PY,BIOR,6,0
GG,4,M,S,BU,PY,BIOR,7,0
GG,4,M,S,BU,PY,BIOR,8,0
GG,4,M,S,BU,PY,BIOR,9,0
GG,4,M,S,BU,PY,BIOR,10,0
GG,4,M,S,BU,PD,HOVU,1,1
GG,4,M,S,BU,PD,HOVU,2,1
GG,4,M,S,BU,PD,HOVU,3,1
GG,4,M,S,BU,PD,HOVU,4,0
GG,4,M,S,BU,PD,HOVU,5,0
GG,4,M,S,BU,ND,BEVU2,1,1
GG,4,M,S,BU,ND,BEVU2,2,0
GG,4,M,S,BU,ND,BEVU2,3,0
GG,4,M,S,BU,ND,BEVU2,4,0
GG,4,M,S,BU,ND,BEVU2,5,0
GG,4,M,S,BU,ND,BEVU2,6,0
GG,4,M,S,BU,ND,BEVU2,7,0
GG,4,M,S,BU,ND,BEVU2,8,0
GG,4,M,S,BU,ND,BEVU2,9,0
GG,4,M,S,BU,ND,BEVU2,10,0
GG,4,M,S,BA,PY,BIOR,1,0
GG,4,M,S,BA,PY,BIOR,2,0
GG,4,M,S,BA,PY,BIOR,3,0
GG,4,M,S,BA,PY,BIOR,4,0
GG,4,M,S,BA,PY,BIOR,5,0
GG,4,M,S,BA,PY,BIOR,6,0
GG,4,M,S,BA,PY,BIOR,7,0
GG,4,M,S,BA,PY,BIOR,8,0
GG,4,M,S,BA,PY,BIOR,9,0
GG,4,M,S,BA,PY,BIOR,10,0
GG,4,M,S,BA,PD,HOVU,1,0
GG,4,M,S,BA,PD,HOVU,2,0
GG,4,M,S,BA,PD,HOVU,3,0
GG,4,M,S,BA,PD,HOVU,4,0
GG,4,M,S,BA,PD,HOVU,5,0
GG,4,M,S,BA,ND,BEVU2,1,1
GG,4,M,S,BA,ND,BEVU2,2,0
GG,4,M,S,BA,ND,BEVU2,3,0
GG,4,M,S,BA,ND,BEVU2,4,0
GG,4,M,S,BA,ND,BEVU2,5,0
GG,4,M,S,BA,ND,BEVU2,6,0
GG,4,M,S,BA,ND,BEVU2,7,0
GG,4,M,S,BA,ND,BEVU2,8,0
GG,4,M,S,BA,ND,BEVU2,9,0
GG,4,M,S,BA,ND,BEVU2,10,0
GG,4,M,S,AA,PY,BIOR,1,1
GG,4,M,S,AA,PY,BIOR,2,1
GG,4,M,S,AA,PY,BIOR,3,0
GG,4,M,S,AA,PY,BIOR,4,0
GG,4,M,S,AA,PY,BIOR,5,0
GG,4,M,S,AA,PY,BIOR,6,0
GG,4,M,S,AA,PY,BIOR,7,0
GG,4,M,S,AA,PY,BIOR,8,0
GG,4,M,S,AA,PY,BIOR,9,0
GG,4,M,S,AA,PY,BIOR,10,0
GG,4,M,S,AA,PD,HOVU,1,1
GG,4,M,S,AA,PD,HOVU,2,0
GG,4,M,S,AA,PD,HOVU,3,0
GG,4,M,S,AA,PD,HOVU,4,0
GG,4,M,S,AA,PD,HOVU,5,0
GG,4,M,S,AA,ND,BEVU2,1,1
GG,4,M,S,AA,ND,BEVU2,2,1
GG,4,M,S,AA,ND,BEVU2,3,1
GG,4,M,S,AA,ND,BEVU2,4,1
GG,4,M,S,AA,ND,BEVU2,5,1
GG,4,M,S,AA,ND,BEVU2,6,1
GG,4,M,S,AA,ND,BEVU2,7,1
GG,4,M,S,AA,ND,BEVU2,8,0
GG,4,M,S,AA,ND,BEVU2,9,0
GG,4,M,S,AA,ND,BEVU2,10,0
GG,4,M,S,AT,PY,BIOR,1,1
GG,4,M,S,AT,PY,BIOR,2,1
GG,4,M,S,AT,PY,BIOR,3,1
GG,4,M,S,AT,PY,BIOR,4,0
GG,4,M,S,AT,PY,BIOR,5,0
GG,4,M,S,AT,PY,BIOR,6,0
GG,4,M,S,AT,PY,BIOR,7,0
GG,4,M,S,AT,PY,BIOR,8,0
GG,4,M,S,AT,PY,BIOR,9,0
GG,4,M,S,AT,PY,BIOR,10,0
GG,4,M,S,AT,PD,HOVU,1,0
GG,4,M,S,AT,PD,HOVU,2,0
GG,4,M,S,AT,PD,HOVU,3,0
GG,4,M,S,AT,PD,HOVU,4,0
GG,4,M,S,AT,PD,HOVU,5,0
GG,4,M,S,AT,ND,BEVU2,1,1
GG,4,M,S,AT,ND,BEVU2,2,1
GG,4,M,S,AT,ND,BEVU2,3,1
GG,4,M,S,AT,ND,BEVU2,4,1
GG,4,M,S,AT,ND,BEVU2,5,1
GG,4,M,S,AT,ND,BEVU2,6,1
GG,4,M,S,AT,ND,BEVU2,7,0
GG,4,M,S,AT,ND,BEVU2,8,0
GG,4,M,S,AT,ND,BEVU2,9,0
GG,4,M,S,AT,ND,BEVU2,10,0
GG,5,M,H,BU,PY,BIOR,1,0
GG,5,M,H,BU,PY,BIOR,2,0
GG,5,M,H,BU,PY,BIOR,3,0
GG,5,M,H,BU,PY,BIOR,4,0
GG,5,M,H,BU,PY,BIOR,5,0
GG,5,M,H,BU,PY,BIOR,6,0
GG,5,M,H,BU,PY,BIOR,7,0
GG,5,M,H,BU,PY,BIOR,8,0
GG,5,M,H,BU,PY,BIOR,9,0
GG,5,M,H,BU,PY,BIOR,10,0
GG,5,M,H,BU,PD,HOVU,1,1
GG,5,M,H,BU,PD,HOVU,2,1
GG,5,M,H,BU,PD,HOVU,3,1
GG,5,M,H,BU,PD,HOVU,4,0
GG,5,M,H,BU,PD,HOVU,5,0
GG,5,M,H,BU,ND,BEVU2,1,0
GG,5,M,H,BU,ND,BEVU2,2,0
GG,5,M,H,BU,ND,BEVU2,3,0
GG,5,M,H,BU,ND,BEVU2,4,0
GG,5,M,H,BU,ND,BEVU2,5,0
GG,5,M,H,BU,ND,BEVU2,6,0
GG,5,M,H,BU,ND,BEVU2,7,0
GG,5,M,H,BU,ND,BEVU2,8,0
GG,5,M,H,BU,ND,BEVU2,9,0
GG,5,M,H,BU,ND,BEVU2,10,0
GG,5,M,H,BA,PY,BIOR,1,1
GG,5,M,H,BA,PY,BIOR,2,1
GG,5,M,H,BA,PY,BIOR,3,0
GG,5,M,H,BA,PY,BIOR,4,0
GG,5,M,H,BA,PY,BIOR,5,0
GG,5,M,H,BA,PY,BIOR,6,0
GG,5,M,H,BA,PY,BIOR,7,0
GG,5,M,H,BA,PY,BIOR,8,0
GG,5,M,H,BA,PY,BIOR,9,0
GG,5,M,H,BA,PY,BIOR,10,0
GG,5,M,H,BA,PD,HOVU,1,1
GG,5,M,H,BA,PD,HOVU,2,1
GG,5,M,H,BA,PD,HOVU,3,0
GG,5,M,H,BA,PD,HOVU,4,0
GG,5,M,H,BA,PD,HOVU,5,0
GG,5,M,H,BA,ND,BEVU2,1,1
GG,5,M,H,BA,ND,BEVU2,2,1
GG,5,M,H,BA,ND,BEVU2,3,1
GG,5,M,H,BA,ND,BEVU2,4,1
GG,5,M,H,BA,ND,BEVU2,5,0
GG,5,M,H,BA,ND,BEVU2,6,0
GG,5,M,H,BA,ND,BEVU2,7,0
GG,5,M,H,BA,ND,BEVU2,8,0
GG,5,M,H,BA,ND,BEVU2,9,0
GG,5,M,H,BA,ND,BEVU2,10,0
GG,5,M,H,AA,PY,BIOR,1,0
GG,5,M,H,AA,PY,BIOR,2,0
GG,5,M,H,AA,PY,BIOR,3,0
GG,5,M,H,AA,PY,BIOR,4,0
GG,5,M,H,AA,PY,BIOR,5,0
GG,5,M,H,AA,PY,BIOR,6,0
GG,5,M,H,AA,PY,BIOR,7,0
GG,5,M,H,AA,PY,BIOR,8,0
GG,5,M,H,AA,PY,BIOR,9,0
GG,5,M,H,AA,PY,BIOR,10,0
GG,5,M,H,AA,PD,HOVU,1,0
GG,5,M,H,AA,PD,HOVU,2,0
GG,5,M,H,AA,PD,HOVU,3,0
GG,5,M,H,AA,PD,HOVU,4,0
GG,5,M,H,AA,PD,HOVU,5,0
GG,5,M,H,AA,ND,BEVU2,1,1
GG,5,M,H,AA,ND,BEVU2,2,1
GG,5,M,H,AA,ND,BEVU2,3,1
GG,5,M,H,AA,ND,BEVU2,4,1
GG,5,M,H,AA,ND,BEVU2,5,1
GG,5,M,H,AA,ND,BEVU2,6,1
GG,5,M,H,AA,ND,BEVU2,7,1
GG,5,M,H,AA,ND,BEVU2,8,1
GG,5,M,H,AA,ND,BEVU2,9,1
GG,5,M,H,AA,ND,BEVU2,10,1
GG,5,M,H,AT,PY,BIOR,1,1
GG,5,M,H,AT,PY,BIOR,2,1
GG,5,M,H,AT,PY,BIOR,3,0
GG,5,M,H,AT,PY,BIOR,4,0
GG,5,M,H,AT,PY,BIOR,5,0
GG,5,M,H,AT,PY,BIOR,6,0
GG,5,M,H,AT,PY,BIOR,7,0
GG,5,M,H,AT,PY,BIOR,8,0
GG,5,M,H,AT,PY,BIOR,9,0
GG,5,M,H,AT,PY,BIOR,10,0
GG,5,M,H,AT,PD,HOVU,1,0
GG,5,M,H,AT,PD,HOVU,2,0
GG,5,M,H,AT,PD,HOVU,3,0
GG,5,M,H,AT,PD,HOVU,4,0
GG,5,M,H,AT,PD,HOVU,5,0
GG,5,M,H,AT,ND,BEVU2,1,0
GG,5,M,H,AT,ND,BEVU2,2,0
GG,5,M,H,AT,ND,BEVU2,3,0
GG,5,M,H,AT,ND,BEVU2,4,0
GG,5,M,H,AT,ND,BEVU2,5,0
GG,5,M,H,AT,ND,BEVU2,6,0
GG,5,M,H,AT,ND,BEVU2,7,0
GG,5,M,H,AT,ND,BEVU2,8,0
GG,5,M,H,AT,ND,BEVU2,9,0
GG,5,M,H,AT,ND,BEVU2,10,0
GG,6,M,O,BU,PY,BIOR,1,0
GG,6,M,O,BU,PY,BIOR,2,0
GG,6,M,O,BU,PY,BIOR,3,0
GG,6,M,O,BU,PY,BIOR,4,0
GG,6,M,O,BU,PY,BIOR,5,0
GG,6,M,O,BU,PY,BIOR,6,0
GG,6,M,O,BU,PY,BIOR,7,0
GG,6,M,O,BU,PY,BIOR,8,0
GG,6,M,O,BU,PY,BIOR,9,0
GG,6,M,O,BU,PY,BIOR,10,0
GG,6,M,O,BU,PD,HOVU,1,0
GG,6,M,O,BU,PD,HOVU,2,0
GG,6,M,O,BU,PD,HOVU,3,0
GG,6,M,O,BU,PD,HOVU,4,0
GG,6,M,O,BU,PD,HOVU,5,0
GG,6,M,O,BU,ND,BEVU2,1,1
GG,6,M,O,BU,ND,BEVU2,2,1
GG,6,M,O,BU,ND,BEVU2,3,0
GG,6,M,O,BU,ND,BEVU2,4,0
GG,6,M,O,BU,ND,BEVU2,5,0
GG,6,M,O,BU,ND,BEVU2,6,0
GG,6,M,O,BU,ND,BEVU2,7,0
GG,6,M,O,BU,ND,BEVU2,8,0
GG,6,M,O,BU,ND,BEVU2,9,0
GG,6,M,O,BU,ND,BEVU2,10,0
GG,6,M,O,BA,PY,BIOR,1,1
GG,6,M,O,BA,PY,BIOR,2,0
GG,6,M,O,BA,PY,BIOR,3,0
GG,6,M,O,BA,PY,BIOR,4,0
GG,6,M,O,BA,PY,BIOR,5,0
GG,6,M,O,BA,PY,BIOR,6,0
GG,6,M,O,BA,PY,BIOR,7,0
GG,6,M,O,BA,PY,BIOR,8,0
GG,6,M,O,BA,PY,BIOR,9,0
GG,6,M,O,BA,PY,BIOR,10,0
GG,6,M,O,BA,PD,HOVU,1,0
GG,6,M,O,BA,PD,HOVU,2,1
GG,6,M,O,BA,PD,HOVU,3,1
GG,6,M,O,BA,PD,HOVU,4,0
GG,6,M,O,BA,PD,HOVU,5,0
GG,6,M,O,BA,ND,BEVU2,1,1
GG,6,M,O,BA,ND,BEVU2,2,1
GG,6,M,O,BA,ND,BEVU2,3,0
GG,6,M,O,BA,ND,BEVU2,4,0
GG,6,M,O,BA,ND,BEVU2,5,0
GG,6,M,O,BA,ND,BEVU2,6,0
GG,6,M,O,BA,ND,BEVU2,7,0
GG,6,M,O,BA,ND,BEVU2,8,0
GG,6,M,O,BA,ND,BEVU2,9,0
GG,6,M,O,BA,ND,BEVU2,10,0
GG,6,M,O,AA,PY,BIOR,1,0
GG,6,M,O,AA,PY,BIOR,2,0
GG,6,M,O,AA,PY,BIOR,3,0
GG,6,M,O,AA,PY,BIOR,4,0
GG,6,M,O,AA,PY,BIOR,5,0
GG,6,M,O,AA,PY,BIOR,6,0
GG,6,M,O,AA,PY,BIOR,7,0
GG,6,M,O,AA,PY,BIOR,8,0
GG,6,M,O,AA,PY,BIOR,9,0
GG,6,M,O,AA,PY,BIOR,10,0
GG,6,M,O,AA,PD,HOVU,1,1
GG,6,M,O,AA,PD,HOVU,2,0
GG,6,M,O,AA,PD,HOVU,3,0
GG,6,M,O,AA,PD,HOVU,4,0
GG,6,M,O,AA,PD,HOVU,5,0
GG,6,M,O,AA,ND,BEVU2,1,1
GG,6,M,O,AA,ND,BEVU2,2,1
GG,6,M,O,AA,ND,BEVU2,3,1
GG,6,M,O,AA,ND,BEVU2,4,1
GG,6,M,O,AA,ND,BEVU2,5,1
GG,6,M,O,AA,ND,BEVU2,6,1
GG,6,M,O,AA,ND,BEVU2,7,1
GG,6,M,O,AA,ND,BEVU2,8,1
GG,6,M,O,AA,ND,BEVU2,9,1
GG,6,M,O,AA,ND,BEVU2,10,1
GG,6,M,O,AT,PY,BIOR,1,0
GG,6,M,O,AT,PY,BIOR,2,0
GG,6,M,O,AT,PY,BIOR,3,0
GG,6,M,O,AT,PY,BIOR,4,0
GG,6,M,O,AT,PY,BIOR,5,0
GG,6,M,O,AT,PY,BIOR,6,0
GG,6,M,O,AT,PY,BIOR,7,0
GG,6,M,O,AT,PY,BIOR,8,0
GG,6,M,O,AT,PY,BIOR,9,0
GG,6,M,O,AT,PY,BIOR,10,0
GG,6,M,O,AT,PD,HOVU,1,0
GG,6,M,O,AT,PD,HOVU,2,0
GG,6,M,O,AT,PD,HOVU,3,0
GG,6,M,O,AT,PD,HOVU,4,0
GG,6,M,O,AT,PD,HOVU,5,0
GG,6,M,O,AT,ND,BEVU2,1,1
GG,6,M,O,AT,ND,BEVU2,2,0
GG,6,M,O,AT,ND,BEVU2,3,0
GG,6,M,O,AT,ND,BEVU2,4,0
GG,6,M,O,AT,ND,BEVU2,5,0
GG,6,M,O,AT,ND,BEVU2,6,0
GG,6,M,O,AT,ND,BEVU2,7,0
GG,6,M,O,AT,ND,BEVU2,8,0
GG,6,M,O,AT,ND,BEVU2,9,0
GG,6,M,O,AT,ND,BEVU2,10,0
GG,REF,,,A,PY,BIOR,1,1
GG,REF,,,A,PY,BIOR,2,1
GG,REF,,,A,PY,BIOR,3,0
GG,REF,,,A,PY,BIOR,4,0
GG,REF,,,A,PY,BIOR,5,0
GG,REF,,,A,PY,BIOR,6,0
GG,REF,,,A,PY,BIOR,7,0
GG,REF,,,A,PY,BIOR,8,0
GG,REF,,,A,PY,BIOR,9,0
GG,REF,,,A,PY,BIOR,10,0
GG,REF,,,A,PD,HOVU,1,0
GG,REF,,,A,PD,HOVU,2,0
GG,REF,,,A,PD,HOVU,3,0
GG,REF,,,A,PD,HOVU,4,0
GG,REF,,,A,PD,HOVU,5,0
GG,REF,,,A,ND,BEVU2,1,0
GG,REF,,,A,ND,BEVU2,2,0
GG,REF,,,A,ND,BEVU2,3,0
GG,REF,,,A,ND,BEVU2,4,0
GG,REF,,,A,ND,BEVU2,5,0
GG,REF,,,A,ND,BEVU2,6,0
GG,REF,,,A,ND,BEVU2,7,0
GG,REF,,,A,ND,BEVU2,8,0
GG,REF,,,A,ND,BEVU2,9,0
GG,REF,,,A,ND,BEVU2,10,0
GG,REF,,,B,PY,BIOR,1,0
GG,REF,,,B,PY,BIOR,2,0
GG,REF,,,B,PY,BIOR,3,0
GG,REF,,,B,PY,BIOR,4,0
GG,REF,,,B,PY,BIOR,5,0
GG,REF,,,B,PY,BIOR,6,0
GG,REF,,,B,PY,BIOR,7,0
GG,REF,,,B,PY,BIOR,8,0
GG,REF,,,B,PY,BIOR,9,0
GG,REF,,,B,PY,BIOR,10,0
GG,REF,,,B,PD,HOVU,1,0
GG,REF,,,B,PD,HOVU,2,0
GG,REF,,,B,PD,HOVU,3,0
GG,REF,,,B,PD,HOVU,4,1
GG,REF,,,B,PD,HOVU,5,1
GG,REF,,,B,ND,BEVU2,1,1
GG,REF,,,B,ND,BEVU2,2,1
GG,REF,,,B,ND,BEVU2,3,1
GG,REF,,,B,ND,BEVU2,4,1
GG,REF,,,B,ND,BEVU2,5,1
GG,REF,,,B,ND,BEVU2,6,1
GG,REF,,,B,ND,BEVU2,7,1
GG,REF,,,B,ND,BEVU2,8,0
GG,REF,,,B,ND,BEVU2,9,0
GG,REF,,,B,ND,BEVU2,10,0